{"stats":{"minecraft:killed":{"dungeons_mobs:wraith":1},"minecraft:used":{"minecraft:fire_charge":1,"minecraft:dirt":1,"iter_rpg:frosty_grass":1,"minecraft:spruce_sapling":2},"minecraft:picked_up":{"minecraft:arrow":2,"friendsandfoes:totem_of_illusion":1,"iter_rpg:frosty_grass":1,"minecraft:fire_charge":1,"minecraft:spruce_sapling":2,"minecraft:spruce_log":2,"minecraft:dirt":4},"minecraft:mined":{"minecraft:grass":3,"minecraft:grass_block":2,"minecraft:dirt":2,"minecraft:fire":1,"iter_rpg:frosty_grass":2,"minecraft:spruce_leaves":1,"minecraft:spruce_log":2},"minecraft:killed_by":{"minecraft:vindicator":3,"rottencreatures:glacial_hunter":1,"dungeons_mobs:iceologer":1,"born_in_chaos_v1:zombie_lumberjack":1,"minecraft:illusioner":1,"born_in_chaos_v1:swarmer":1,"born_in_chaos_v1:zombie_bruiser":2},"minecraft:crafted":{"minecraft:spruce_planks":8},"minecraft:custom":{"minecraft:time_since_rest":37,"enigmaticlegacy:play_time_with_seven_curses":0,"minecraft:crouch_one_cm":4,"minecraft:play_time":8218,"minecraft:sprint_one_cm":15608,"minecraft:walk_one_cm":49659,"minecraft:damage_taken":2865,"minecraft:deaths":10,"minecraft:sneak_time":33,"minecraft:mob_kills":2,"minecraft:jump":369,"minecraft:damage_dealt":580,"minecraft:time_since_death":8,"enigmaticlegacy:play_time_without_seven_curses":7947,"minecraft:total_world_time":8218,"minecraft:fall_one_cm":9545,"minecraft:fly_one_cm":28454}},"DataVersion":3120}