{"stats":{"minecraft:killed":{"dungeons_mobs:wraith":1},"minecraft:picked_up":{"minecraft:stick":1,"minecraft:arrow":2,"minecraft:wheat_seeds":1,"friendsandfoes:totem_of_illusion":1,"iter_rpg:frosty_grass":1,"minecraft:fire_charge":1,"minecraft:spruce_sapling":5,"minecraft:spruce_log":9,"minecraft:dirt":4},"minecraft:custom":{"minecraft:damage_taken":3025,"minecraft:time_since_rest":2995,"enigmaticlegacy:play_time_with_seven_curses":0,"minecraft:play_time":11176,"minecraft:crouch_one_cm":4,"minecraft:walk_one_cm":63868,"minecraft:sprint_one_cm":23108,"minecraft:deaths":10,"minecraft:sneak_time":33,"minecraft:mob_kills":2,"minecraft:jump":438,"minecraft:damage_dealt":625,"minecraft:leave_game":2,"minecraft:time_since_death":2966,"minecraft:total_world_time":11176,"enigmaticlegacy:play_time_without_seven_curses":10905,"minecraft:fly_one_cm":43863,"minecraft:fall_one_cm":13532},"minecraft:used":{"minecraft:fire_charge":1,"minecraft:dirt":4,"iter_rpg:frosty_grass":1,"minecraft:spruce_sapling":2},"minecraft:mined":{"minecraft:grass":5,"minecraft:grass_block":2,"minecraft:dirt":2,"minecraft:fire":1,"iter_rpg:frosty_grass":2,"minecraft:spruce_leaves":1,"minecraft:spruce_log":2,"treechop:chopped_log":1},"minecraft:crafted":{"minecraft:spruce_planks":36},"minecraft:killed_by":{"minecraft:vindicator":3,"rottencreatures:glacial_hunter":1,"dungeons_mobs:iceologer":1,"born_in_chaos_v1:zombie_lumberjack":1,"minecraft:illusioner":1,"born_in_chaos_v1:swarmer":1,"born_in_chaos_v1:zombie_bruiser":2}},"DataVersion":3120}