{"stats":{"minecraft:killed_by":{"minecraft:player":3,"alexsmobs:rocky_roller":1,"endermanoverhaul:cave_enderman":1,"minecraft:spider":1,"minecraft:vindicator":25,"minecraft:skeleton":8,"endermanoverhaul:snowy_enderman":3,"alexsmobs:moose":1,"minecraft:vex":2,"minecraft:illusioner":1},"minecraft:used":{"minecraft:stone_sword":147,"create:veridium":17,"minecraft:chest":3,"minecraft:spruce_planks":56,"minecraft:iron_sword":107,"minecraft:torch":59,"minecraft:dirt":2,"endermanoverhaul:icy_pearl":1,"born_in_chaos_v1:corpse_maggot":2,"minecraft:wooden_axe":31,"minecraft:totem_of_undying":1,"minecraft:bow":18,"minecraft:beef":1,"minecraft:furnace":1,"minecraft:potato":12,"minecraft:water_bucket":11,"table_top_craft:chess_piece_figure":3,"minecraft:stone_pickaxe":203,"minecraft:wooden_pickaxe":39,"minecraft:diamond_axe":30,"minecraft:crafting_table":10,"minecraft:spruce_log":12,"minecraft:diamond_pickaxe":98,"minecraft:apple":3,"minecraft:bread":2,"minecraft:melon_slice":9,"minecraft:iron_pickaxe":29,"minecraft:stone_axe":64,"minecraft:diamond_sword":105,"minecraft:wooden_sword":30,"minecraft:cobblestone":124,"autumnity:foul_berries":17,"minecraft:bucket":12,"delightful:acorn":1},"minecraft:mined":{"minecraft:tuff":2,"minecraft:spruce_planks":21,"autumnity:foul_berry_bush":4,"minecraft:glow_lichen":1,"minecraft:dark_oak_fence":1,"minecraft:grass_block":6,"create:ochrum":4,"minecraft:polished_andesite_slab":1,"minecraft:spruce_leaves":27,"minecraft:iron_ore":19,"minecraft:andesite":9,"treechop:chopped_log":8,"minecraft:azure_bluet":1,"minecraft:packed_ice":22,"quark:permafrost":2,"minecraft:stone":149,"create:veridium":24,"minecraft:cyan_terracotta":1,"minecraft:polished_granite":1,"ecologics:thin_ice":2,"minecraft:powder_snow":7,"autumnity:maple_planks":1,"minecraft:crafting_table":8,"minecraft:torch":1,"minecraft:tall_grass":2,"minecraft:cobblestone":4,"iter_rpg:frosty_grass":1,"minecraft:wall_torch":1,"minecraft:spruce_log":25,"autumnity:tall_foul_berry_bush":15,"minecraft:grass":24,"minecraft:coal_ore":73,"minecraft:gravel":1,"minecraft:dirt":10,"minecraft:cobweb":1,"minecraft:terracotta":4,"minecraft:polished_andesite":1,"minecraft:deepslate":4,"minecraft:infested_stone":1,"table_top_craft:chess_piece_figure":2},"minecraft:picked_up":{"rottencreatures:frozen_rotten_flesh":2,"minecraft:wheat":1,"minecraft:crafting_table":8,"minecraft:azure_bluet":1,"autumnity:maple_log":11,"minecraft:wooden_pickaxe":1,"minecraft:string":3,"minecraft:wooden_sword":1,"minecraft:beetroot":1,"autumnity:foul_berries":48,"minecraft:spruce_planks":19,"delightful:acorn":1,"quark:permafrost":2,"minecraft:beef":1,"minecraft:light_gray_wool":1,"minecraft:melon_slice":12,"minecraft:iron_boots":1,"endermanoverhaul:snowy_hood":1,"minecraft:stick":11,"minecraft:raw_iron":17,"minecraft:torch":5,"minecraft:porkchop":3,"minecraft:stone_sword":2,"minecraft:arrow":14,"minecraft:rotten_flesh":2,"create:veridium":25,"minecraft:totem_of_undying":2,"supplementaries:ash":1,"minecraft:mutton":7,"minecraft:snowball":2,"minecraft:white_wool":4,"minecraft:cobblestone":152,"born_in_chaos_v1:corpse_maggot":2,"minecraft:andesite":4,"table_top_craft:chess_piece_figure":2,"minecraft:leather":1,"minecraft:potato":6,"minecraft:gunpowder":1,"endermanoverhaul:icy_pearl":1,"minecraft:dirt":12,"naturalist:glow_goop":1,"minecraft:bone":8,"minecraft:wheat_seeds":4,"minecraft:iron_ingot":5,"iter_rpg:frosty_grass":6,"minecraft:spruce_sapling":41,"minecraft:grass_block":1,"minecraft:spruce_log":53,"minecraft:emerald":3,"minecraft:terracotta":8,"minecraft:coal":78,"minecraft:andesite_slab":6},"minecraft:dropped":{"minecraft:wheat_seeds":2,"quark:permafrost":2,"minecraft:crafting_table":1,"minecraft:grass_block":1,"minecraft:music_disc_13":1,"minecraft:dirt":10,"minecraft:torch":23,"minecraft:spruce_sapling":17,"minecraft:stone_sword":1,"minecraft:andesite_slab":6,"minecraft:wheat":1,"minecraft:light_gray_wool":1,"minecraft:potato":2,"minecraft:andesite":4,"rottencreatures:frozen_rotten_flesh":2,"minecraft:terracotta":8},"minecraft:killed":{"iter_rpg:goblin":2,"minecraft:evoker":2,"born_in_chaos_v1:zombie_lumberjack":1,"minecraft:vindicator":1,"minecraft:spider":2,"born_in_chaos_v1:zombie_bruiser":1,"creeperoverhaul:snowy_creeper":1,"minecraft:skeleton":8,"quark:shiba":2,"minecraft:bee":1,"rottencreatures:hunter_wolf":1,"dungeons_mobs:frozen_zombie":2,"minecraft:pig":1,"naturalist:firefly":1,"naturalist:butterfly":1,"rottencreatures:frostbitten":1,"endermanoverhaul:snowy_enderman":3,"dungeons_mobs:wraith":1,"minecraft:sheep":5,"minecraft:pillager":3,"alexsmobs:cockroach":1,"minecraft:zombie":3,"ecologics:penguin":2,"born_in_chaos_v1:corpse_fly":2,"iter_rpg:goblin_warrior":2,"minecraft:cow":1},"minecraft:crafted":{"minecraft:wooden_sword":1,"minecraft:furnace":1,"minecraft:stone_pickaxe":2,"minecraft:chest":4,"minecraft:diamond_sword":1,"minecraft:diamond_axe":1,"minecraft:crafting_table":3,"minecraft:spruce_planks":132,"minecraft:wooden_pickaxe":1,"minecraft:iron_sword":1,"minecraft:stone_axe":1,"minecraft:shield":1,"minecraft:stick":64,"minecraft:wooden_axe":1,"minecraft:stone_sword":1,"minecraft:torch":148},"minecraft:broken":{"minecraft:iron_boots":1,"minecraft:stone_pickaxe":1},"minecraft:custom":{"enigmaticlegacy:play_time_with_seven_curses":0,"lootr:looted_stat":11,"minecraft:mob_kills":52,"minecraft:interact_with_crafting_table":29,"minecraft:leave_game":3,"minecraft:time_since_death":19618,"minecraft:climb_one_cm":2877,"minecraft:sprint_one_cm":754859,"minecraft:walk_one_cm":488920,"minecraft:drop":51,"minecraft:play_time":110809,"minecraft:deaths":47,"minecraft:sneak_time":3966,"minecraft:walk_under_water_one_cm":417,"minecraft:jump":2532,"minecraft:walk_on_water_one_cm":6204,"minecraft:total_world_time":110809,"minecraft:interact_with_furnace":1,"enigmaticlegacy:play_time_without_seven_curses":109652,"minecraft:time_since_rest":19642,"minecraft:damage_taken":14452,"minecraft:damage_dealt":15342,"minecraft:swim_one_cm":1929,"minecraft:fly_one_cm":357206,"minecraft:player_kills":4,"minecraft:open_chest":21,"minecraft:crouch_one_cm":17961,"minecraft:fall_one_cm":57940}},"DataVersion":3120}