{"stats":{"minecraft:broken":{"minecraft:iron_boots":1,"minecraft:stone_pickaxe":1},"minecraft:picked_up":{"rottencreatures:frozen_rotten_flesh":2,"minecraft:crafting_table":8,"minecraft:wheat":1,"minecraft:azure_bluet":1,"minecraft:clay_ball":2,"autumnity:maple_log":56,"minecraft:wooden_pickaxe":1,"minecraft:string":7,"minecraft:wooden_sword":1,"minecraft:beetroot":1,"autumnity:foul_berries":48,"minecraft:spruce_planks":29,"delightful:acorn":1,"minecraft:beef":29,"quark:permafrost":2,"minecraft:light_gray_wool":1,"minecraft:melon_slice":12,"minecraft:iron_boots":1,"minecraft:furnace":1,"endermanoverhaul:snowy_hood":1,"minecraft:stick":28,"minecraft:raw_iron":17,"minecraft:torch":6,"minecraft:porkchop":3,"minecraft:stone_sword":2,"minecraft:arrow":17,"minecraft:rotten_flesh":19,"iter_rpg:gobsteel_scrap":1,"create:veridium":25,"minecraft:totem_of_undying":2,"supplementaries:ash":1,"minecraft:mutton":12,"minecraft:snowball":2,"minecraft:white_wool":12,"minecraft:cobblestone":155,"born_in_chaos_v1:fused_bone":3,"born_in_chaos_v1:corpse_maggot":10,"minecraft:cooked_beef":14,"minecraft:andesite":4,"table_top_craft:chess_piece_figure":2,"minecraft:leather":14,"minecraft:potato":6,"majruszsdifficulty:cloth":1,"minecraft:oak_log":6,"minecraft:gunpowder":1,"endermanoverhaul:icy_pearl":1,"minecraft:dirt":12,"naturalist:glow_goop":1,"minecraft:cooked_mutton":7,"minecraft:bone":8,"minecraft:wheat_seeds":5,"minecraft:iron_ingot":6,"iter_rpg:frosty_grass":6,"minecraft:spruce_sapling":41,"minecraft:grass_block":1,"minecraft:spruce_log":53,"minecraft:leather_helmet":1,"autumnity:yellow_maple_sapling":4,"minecraft:emerald":3,"minecraft:terracotta":8,"minecraft:coal":100,"minecraft:andesite_slab":6},"minecraft:killed":{"iter_rpg:goblin":2,"minecraft:evoker":2,"born_in_chaos_v1:zombie_lumberjack":2,"minecraft:spider":4,"minecraft:vindicator":1,"born_in_chaos_v1:siamese_skeletonsright":2,"born_in_chaos_v1:zombie_bruiser":2,"born_in_chaos_v1:maggot":8,"creeperoverhaul:snowy_creeper":1,"minecraft:skeleton":9,"quark:shiba":2,"minecraft:bee":1,"rottencreatures:hunter_wolf":1,"dungeons_mobs:frozen_zombie":2,"iter_rpg:hobgoblin":1,"minecraft:wolf":1,"minecraft:pig":1,"born_in_chaos_v1:swarmer":1,"naturalist:firefly":1,"naturalist:butterfly":1,"rottencreatures:frostbitten":1,"endermanoverhaul:snowy_enderman":3,"dungeons_mobs:wraith":1,"minecraft:sheep":8,"born_in_chaos_v1:bloody_gadfly":1,"minecraft:pillager":3,"minecraft:zombie":14,"alexsmobs:cockroach":1,"ecologics:penguin":2,"born_in_chaos_v1:corpse_fly":7,"iter_rpg:goblin_warrior":2,"born_in_chaos_v1:siamese_skeletonsleft":1,"minecraft:cow":14},"minecraft:custom":{"enigmaticlegacy:play_time_with_seven_curses":0,"lootr:looted_stat":11,"minecraft:mob_kills":106,"minecraft:interact_with_crafting_table":34,"minecraft:damage_dealt_resisted":105,"minecraft:leave_game":4,"minecraft:time_since_death":6874,"minecraft:climb_one_cm":2877,"minecraft:sprint_one_cm":962578,"minecraft:walk_one_cm":601780,"minecraft:drop":54,"minecraft:play_time":141438,"minecraft:deaths":54,"minecraft:sneak_time":4501,"minecraft:walk_under_water_one_cm":417,"minecraft:jump":2983,"minecraft:walk_on_water_one_cm":6204,"minecraft:total_world_time":141438,"minecraft:interact_with_furnace":6,"enigmaticlegacy:play_time_without_seven_curses":140104,"minecraft:sleep_in_bed":1,"minecraft:time_since_rest":6902,"minecraft:damage_taken":17399,"minecraft:damage_dealt":25798,"minecraft:swim_one_cm":1929,"minecraft:fly_one_cm":447547,"minecraft:player_kills":4,"minecraft:open_chest":25,"minecraft:crouch_one_cm":20094,"minecraft:fall_one_cm":68992},"minecraft:used":{"minecraft:stone_sword":147,"create:veridium":17,"minecraft:chest":3,"minecraft:spruce_planks":59,"minecraft:iron_sword":107,"minecraft:torch":72,"minecraft:dirt":2,"endermanoverhaul:icy_pearl":1,"born_in_chaos_v1:corpse_maggot":2,"minecraft:wooden_axe":31,"autumnity:maple_planks":7,"minecraft:totem_of_undying":2,"minecraft:bow":18,"minecraft:beef":1,"minecraft:furnace":2,"minecraft:cooked_beef":4,"minecraft:potato":12,"minecraft:cooked_mutton":7,"minecraft:water_bucket":11,"table_top_craft:chess_piece_figure":3,"minecraft:stone_pickaxe":203,"minecraft:wooden_pickaxe":39,"minecraft:diamond_axe":114,"minecraft:crafting_table":10,"minecraft:white_bed":1,"minecraft:spruce_log":12,"minecraft:diamond_pickaxe":98,"minecraft:apple":3,"minecraft:bread":4,"minecraft:melon_slice":9,"minecraft:iron_pickaxe":54,"autumnity:maple_log":9,"minecraft:stone_axe":64,"minecraft:diamond_sword":370,"minecraft:wooden_sword":30,"minecraft:cobblestone":133,"autumnity:foul_berries":17,"minecraft:bucket":12,"delightful:acorn":1},"minecraft:mined":{"minecraft:tuff":2,"minecraft:spruce_planks":30,"autumnity:foul_berry_bush":4,"minecraft:glow_lichen":1,"minecraft:dark_oak_fence":1,"minecraft:grass_block":7,"create:ochrum":4,"minecraft:polished_andesite_slab":1,"minecraft:spruce_leaves":27,"autumnity:maple_log":5,"minecraft:furnace":1,"minecraft:iron_ore":19,"minecraft:andesite":9,"treechop:chopped_log":16,"minecraft:azure_bluet":1,"minecraft:packed_ice":22,"quark:permafrost":2,"minecraft:stone":151,"create:veridium":24,"autumnity:orange_maple_leaf_pile":1,"minecraft:cyan_terracotta":1,"minecraft:polished_granite":1,"ecologics:thin_ice":2,"minecraft:powder_snow":7,"autumnity:maple_planks":1,"minecraft:crafting_table":8,"minecraft:torch":1,"minecraft:tall_grass":18,"minecraft:cobblestone":7,"iter_rpg:frosty_grass":1,"autumnity:yellow_maple_leaves":2,"minecraft:wall_torch":2,"minecraft:spruce_log":25,"autumnity:tall_foul_berry_bush":15,"minecraft:grass":58,"autumnity:yellow_maple_leaf_pile":1,"minecraft:coal_ore":91,"minecraft:gravel":1,"minecraft:dirt":10,"minecraft:cobweb":1,"minecraft:terracotta":4,"minecraft:polished_andesite":1,"minecraft:deepslate":4,"minecraft:infested_stone":1,"table_top_craft:chess_piece_figure":2},"minecraft:crafted":{"minecraft:wooden_sword":1,"minecraft:furnace":1,"minecraft:diamond_helmet":1,"minecraft:iron_boots":1,"minecraft:stone_pickaxe":2,"minecraft:chest":4,"autumnity:maple_planks":148,"minecraft:cooked_beef":14,"minecraft:diamond_sword":1,"minecraft:diamond_axe":1,"minecraft:crafting_table":3,"minecraft:spruce_planks":132,"minecraft:wooden_pickaxe":1,"minecraft:iron_sword":1,"minecraft:stone_axe":1,"minecraft:shield":1,"minecraft:stick":64,"minecraft:wooden_axe":1,"minecraft:stone_sword":1,"minecraft:white_bed":1,"minecraft:torch":148},"minecraft:killed_by":{"minecraft:player":5,"alexsmobs:rocky_roller":1,"endermanoverhaul:cave_enderman":1,"minecraft:spider":1,"mutantmonsters:mutant_enderman":1,"minecraft:vindicator":25,"minecraft:skeleton":8,"minecraft:zombie":1,"iter_rpg:hobgoblin":3,"endermanoverhaul:snowy_enderman":3,"alexsmobs:moose":1,"minecraft:vex":2,"minecraft:illusioner":1},"minecraft:dropped":{"minecraft:wheat_seeds":2,"quark:permafrost":2,"minecraft:crafting_table":1,"minecraft:cobblestone":3,"minecraft:grass_block":1,"minecraft:music_disc_13":1,"minecraft:dirt":10,"minecraft:torch":23,"minecraft:spruce_sapling":17,"minecraft:stone_sword":1,"minecraft:andesite_slab":6,"minecraft:wheat":1,"minecraft:clay_ball":2,"minecraft:light_gray_wool":1,"autumnity:yellow_maple_sapling":4,"minecraft:potato":2,"minecraft:andesite":4,"rottencreatures:frozen_rotten_flesh":2,"minecraft:terracotta":8}},"DataVersion":3120}