{"stats":{"minecraft:custom":{"enigmaticlegacy:play_time_with_seven_curses":0,"lootr:looted_stat":19,"minecraft:mob_kills":22,"enigmaticlegacy:play_time_without_seven_curses":63956,"minecraft:interact_with_crafting_table":8,"minecraft:leave_game":2,"minecraft:time_since_death":376,"minecraft:climb_one_cm":1811,"minecraft:damage_resisted":24,"minecraft:time_since_rest":393,"minecraft:sprint_one_cm":297948,"minecraft:damage_taken":16363,"minecraft:walk_one_cm":290088,"minecraft:drop":37,"minecraft:damage_dealt":6313,"minecraft:fly_one_cm":560144,"minecraft:open_chest":1,"minecraft:crouch_one_cm":36,"minecraft:play_time":65499,"minecraft:deaths":52,"minecraft:sneak_time":9,"minecraft:jump":2925,"minecraft:walk_on_water_one_cm":92,"minecraft:interact_with_smoker":6,"minecraft:total_world_time":65499,"minecraft:fall_one_cm":84037},"minecraft:picked_up":{"born_in_chaos_v1:fused_bone":2,"minecraft:wheat":19,"rottencreatures:frozen_rotten_flesh":2,"born_in_chaos_v1:corpse_maggot":5,"minecraft:crafting_table":4,"autumnity:maple_log":6,"friendsandfoes:totem_of_illusion":2,"minecraft:potato":42,"minecraft:oak_log":11,"minecraft:string":1,"minecraft:dirt":8,"minecraft:bone":4,"minecraft:beetroot":4,"minecraft:stone_bricks":1,"delightful:mini_melon":11,"minecraft:wheat_seeds":55,"minecraft:spruce_planks":1,"minecraft:music_disc_far":1,"minecraft:tipped_arrow":1,"minecraft:raw_iron":2,"minecraft:stick":6,"autumnity:maple_planks":1,"minecraft:birch_trapdoor":1,"minecraft:torch":2,"minecraft:music_disc_mellohi":1,"iter_rpg:frosty_grass":1,"quark:blossom_log":11,"quark:blossom_planks":1,"minecraft:spruce_sapling":6,"minecraft:carrot":48,"minecraft:spruce_log":9,"minecraft:spider_eye":1,"minecraft:polished_andesite":2,"environmental:venison":1,"minecraft:rotten_flesh":5,"minecraft:arrow":6,"autumnity:maple_sapling":8,"minecraft:emerald":2,"minecraft:totem_of_undying":1,"supplementaries:ash":2,"minecraft:oak_sapling":1,"minecraft:coal":1,"minecraft:snowball":2,"minecraft:white_wool":2,"minecraft:cobblestone":56,"minecraft:iron_chestplate":1},"minecraft:killed":{"minecraft:evoker":1,"rottencreatures:frostbitten":2,"minecraft:spider":2,"minecraft:vindicator":2,"environmental:reindeer":1,"born_in_chaos_v1:siamese_skeletonsright":1,"born_in_chaos_v1:maggot":1,"minecraft:skeleton":3,"minecraft:pillager":3,"minecraft:zombie":1,"born_in_chaos_v1:corpse_fly":4,"minecraft:stray":1,"rottencreatures:hunter_wolf":1,"minecraft:illusioner":1,"born_in_chaos_v1:siamese_skeletonsleft":1},"minecraft:killed_by":{"dungeons_mobs:frozen_zombie":2,"minecraft:vindicator":29,"creeperoverhaul:cave_creeper":1,"minecraft:player":2,"endermanoverhaul:cave_enderman":1,"minecraft:skeleton":3,"minecraft:stray":1,"rottencreatures:glacial_hunter":1,"minecraft:pillager":2,"born_in_chaos_v1:zombie_lumberjack":1,"born_in_chaos_v1:corpse_fly":1,"rottencreatures:frostbitten":1,"minecraft:vex":4,"minecraft:illusioner":1},"minecraft:crafted":{"minecraft:wooden_sword":1,"minecraft:crafting_table":2,"minecraft:spruce_planks":36,"minecraft:melon_slice":30,"minecraft:baked_potato":27,"minecraft:wooden_pickaxe":1,"minecraft:iron_sword":1,"minecraft:stone_axe":1,"minecraft:bread":6,"minecraft:air":0,"minecraft:stick":20,"minecraft:iron_pickaxe":1,"minecraft:stone_pickaxe":1,"autumnity:maple_planks":24,"minecraft:stone_sword":1,"minecraft:torch":48},"minecraft:dropped":{"minecraft:wheat_seeds":5,"minecraft:stone_sword":1,"minecraft:beetroot":3,"minecraft:rotten_flesh":3,"minecraft:iron_boots":1,"delightful:mini_melon":1,"minecraft:music_disc_far":1,"autumnity:maple_sapling":8,"minecraft:polished_andesite":2,"minecraft:dirt":3,"iter_rpg:frosty_grass":1,"supplementaries:ash":2,"minecraft:gunpowder":1,"minecraft:spruce_planks":1,"minecraft:stone_bricks":1,"minecraft:spider_eye":1,"minecraft:oak_sapling":1,"minecraft:wooden_sword":1,"minecraft:wooden_pickaxe":1,"minecraft:white_wool":1},"minecraft:used":{"quark:blossom_log":11,"minecraft:stone_sword":26,"minecraft:stone_pickaxe":12,"minecraft:spruce_planks":13,"minecraft:wooden_pickaxe":5,"minecraft:iron_sword":99,"minecraft:torch":44,"minecraft:dirt":5,"minecraft:crafting_table":5,"minecraft:carrot":6,"minecraft:snowball":1,"minecraft:bread":6,"friendsandfoes:totem_of_illusion":1,"minecraft:melon_slice":30,"autumnity:maple_planks":24,"minecraft:iron_pickaxe":49,"minecraft:stone_axe":56,"minecraft:wooden_sword":55,"minecraft:cobblestone":3},"minecraft:mined":{"minecraft:spruce_planks":1,"minecraft:powder_snow":5,"autumnity:maple_planks":1,"minecraft:crafting_table":4,"minecraft:torch":1,"minecraft:grass_block":2,"minecraft:cobblestone":1,"iter_rpg:frosty_grass":1,"minecraft:spruce_leaves":8,"minecraft:carrots":13,"minecraft:iron_ore":2,"minecraft:wheat":23,"minecraft:birch_trapdoor":2,"minecraft:spruce_log":1,"quark:blossom_planks":1,"treechop:chopped_log":4,"minecraft:beetroots":3,"minecraft:potatoes":15,"minecraft:grass":1,"minecraft:pointed_dripstone":1,"minecraft:coal_ore":1,"delightful:mini_melon":9,"minecraft:dirt":3,"minecraft:stone_bricks":1,"minecraft:stone":57,"minecraft:polished_andesite":2}},"DataVersion":3120}