{"stats":{"minecraft:dropped":{"minecraft:porkchop":4,"minecraft:glow_ink_sac":2,"minecraft:lantern":128,"minecraft:red_sandstone_wall":1,"minecraft:red_carpet":1,"minecraft:cod":1,"minecraft:item_frame":6,"minecraft:dirt":295,"minecraft:dark_oak_fence":1,"minecraft:mutton":2,"minecraft:cooked_cod":1,"minecraft:cherry_leaves":578,"minecraft:gold_nugget":3,"minecraft:sunflower":3,"minecraft:acacia_door":1,"minecraft:bone":4,"minecraft:stone_axe":6,"minecraft:cobbled_deepslate":64,"minecraft:cherry_sapling":5,"minecraft:rotten_flesh":23,"minecraft:oak_planks":122,"justhammers:iron_hammer":1,"minecraft:azure_bluet":1,"minecraft:salmon":1,"minecraft:chainmail_chestplate":2,"minecraft:ladder":2,"minecraft:arrow":1,"minecraft:beef":5,"minecraft:glass":15,"minecraft:prismarine_wall":2,"minecraft:cherry_fence":5,"minecraft:egg":3,"minecraft:water_bucket":1,"minecraft:iron_ingot":1,"minecraft:wheat_seeds":23,"minecraft:cherry_log":384,"minecraft:smithing_table":1,"minecraft:iron_helmet":2,"minecraft:cobblestone":21,"minecraft:book":1,"minecraft:stick":29,"minecraft:iron_leggings":1,"minecraft:chainmail_leggings":2,"minecraft:pink_petals":121,"minecraft:dandelion":1,"minecraft:redstone":3,"minecraft:stone_sword":3,"minecraft:raw_iron":1,"minecraft:stone_shovel":1,"minecraft:iron_boots":1,"minecraft:stripped_oak_log":1,"minecraft:diamond_sword":1,"minecraft:diamond_chestplate":1,"minecraft:iron_chestplate":1,"minecraft:andesite":1,"minecraft:light_gray_bed":1,"minecraft:oak_boat":2,"minecraft:oak_sapling":8,"minecraft:golden_sword":1,"minecraft:stone_pickaxe":2,"minecraft:raw_gold":1},"minecraft:crafted":{"minecraft:oak_planks":384,"minecraft:cherry_slab":84,"minecraft:cooked_chicken":1,"minecraft:glass":148,"minecraft:diamond_helmet":1,"minecraft:diamond_leggings":1,"minecraft:chest":10,"minecraft:cherry_fence":207,"minecraft:golden_boots":1,"minecraft:golden_axe":1,"minecraft:oak_slab":372,"minecraft:cooked_porkchop":9,"minecraft:crafting_table":6,"minecraft:iron_helmet":1,"minecraft:wooden_pickaxe":1,"minecraft:dark_oak_slab":60,"minecraft:diamond_pickaxe":1,"minecraft:shield":1,"minecraft:stick":284,"minecraft:iron_ingot":16,"minecraft:stone_sword":1,"minecraft:gold_ingot":18,"minecraft:shears":7,"minecraft:cherry_planks":3364,"minecraft:stone_shovel":3,"minecraft:furnace":2,"minecraft:cherry_trapdoor":142,"minecraft:dark_oak_fence":69,"minecraft:iron_axe":12,"minecraft:ladder":36,"minecraft:cherry_stairs":620,"minecraft:stone_pickaxe":1,"minecraft:diamond_boots":1,"minecraft:dark_oak_planks":324,"minecraft:wheat":271,"minecraft:cooked_beef":2,"minecraft:cooked_cod":1,"minecraft:diamond_sword":1,"minecraft:bucket":1,"minecraft:stone_axe":5,"minecraft:bread":96,"minecraft:air":0,"justhammers:iron_hammer":2,"minecraft:iron_shovel":3,"minecraft:cherry_door":3,"minecraft:iron_leggings":1,"minecraft:white_bed":1,"minecraft:torch":128,"minecraft:diamond_chestplate":1},"minecraft:picked_up":{"minecraft:iron_chestplate":1,"minecraft:wheat":9,"minecraft:smithing_table":3,"minecraft:diamond_sword":2,"minecraft:enchanted_book":1,"minecraft:golden_sword":2,"minecraft:string":5,"travelersbackpack:diamond":1,"minecraft:iron_leggings":2,"minecraft:armor_stand":2,"minecraft:gold_nugget":3,"minecraft:cobbled_deepslate":341,"minecraft:iron_pickaxe":3,"minecraft:iron_boots":2,"minecraft:furnace":4,"minecraft:stick":197,"minecraft:torch":131,"minecraft:porkchop":6,"minecraft:cherry_log":2366,"minecraft:stone_sword":4,"minecraft:rotten_flesh":41,"minecraft:light_gray_bed":7,"minecraft:obsidian":4,"minecraft:cod":2,"minecraft:cobblestone":188,"minecraft:pink_petals":185,"minecraft:cherry_planks":282,"minecraft:cherry_leaves":2161,"minecraft:water_bucket":3,"minecraft:andesite":1,"minecraft:tuff":3,"minecraft:cherry_fence":76,"minecraft:lantern":151,"minecraft:lapis_lazuli":23,"minecraft:cherry_door":1,"minecraft:dirt":320,"minecraft:bone":5,"minecraft:wheat_seeds":45,"minecraft:raw_gold":1,"minecraft:bell":2,"minecraft:grindstone":2,"minecraft:oak_planks":105,"minecraft:cooked_porkchop":14,"minecraft:red_sandstone_wall":1,"justhammers:iron_hammer":1,"minecraft:sand":305,"minecraft:dark_oak_log":401,"minecraft:diamond":31,"minecraft:golden_apple":2,"minecraft:bread":65,"minecraft:emerald":13,"minecraft:oak_sapling":13,"minecraft:cherry_slab":1,"minecraft:netherrack":24,"minecraft:dark_oak_fence":1,"minecraft:diamond_pickaxe":1,"minecraft:fishing_rod":1,"minecraft:crafting_table":27,"minecraft:azure_bluet":1,"minecraft:chicken":1,"minecraft:ladder":7,"minecraft:wooden_pickaxe":2,"minecraft:gold_block":2,"minecraft:shield":1,"minecraft:acacia_door":1,"minecraft:iron_axe":2,"minecraft:wooden_sword":2,"minecraft:compass":1,"minecraft:item_frame":11,"minecraft:iron_shovel":1,"minecraft:cartography_table":2,"minecraft:beef":22,"minecraft:oak_boat":4,"minecraft:cherry_trapdoor":35,"minecraft:egg":5,"minecraft:dark_oak_sapling":2,"minecraft:raw_iron":25,"minecraft:cherry_stairs":25,"minecraft:redstone":5,"minecraft:dark_oak_planks":6,"minecraft:arrow":6,"minecraft:diamond_chestplate":2,"minecraft:hay_block":67,"minecraft:saddle":2,"minecraft:gold_ingot":5,"minecraft:white_wool":3,"minecraft:mutton":2,"minecraft:oxeye_daisy":1,"minecraft:stripped_oak_log":1,"minecraft:glow_ink_sac":2,"minecraft:salmon":2,"minecraft:leather":21,"minecraft:oak_log":174,"minecraft:chainmail_chestplate":3,"minecraft:gunpowder":2,"minecraft:red_carpet":1,"minecraft:apple":11,"minecraft:iron_ingot":58,"minecraft:stone_pickaxe":2,"minecraft:book":1,"minecraft:oak_slab":117,"minecraft:dark_oak_slab":2,"minecraft:quartz":13,"minecraft:dandelion":2,"minecraft:white_bed":9,"minecraft:firework_rocket":9,"minecraft:prismarine_wall":2,"minecraft:stone_axe":6,"minecraft:chainmail_leggings":3,"minecraft:iron_helmet":2,"minecraft:cherry_sapling":260,"minecraft:baked_potato":1,"minecraft:coal":110,"minecraft:ender_pearl":1,"minecraft:sunflower":4},"minecraft:used":{"minecraft:cherry_sapling":145,"minecraft:iron_shovel":189,"minecraft:ladder":30,"minecraft:chest":11,"minecraft:shield":10,"minecraft:stone":21,"travelersbackpack:diamond":5,"minecraft:rotten_flesh":1,"minecraft:glass":177,"minecraft:lantern":23,"minecraft:iron_helmet":2,"minecraft:dark_oak_slab":100,"minecraft:cherry_leaves":1637,"minecraft:furnace":5,"minecraft:oak_sapling":2,"minecraft:egg":1,"minecraft:dark_oak_stairs":164,"minecraft:stone_pickaxe":33,"minecraft:oak_planks":27,"minecraft:wooden_pickaxe":12,"minecraft:golden_apple":1,"minecraft:sand":9,"minecraft:shears":1666,"minecraft:bread":136,"minecraft:diamond_sword":272,"minecraft:dark_oak_fence":68,"minecraft:oak_boat":2,"minecraft:stone_sword":87,"minecraft:stone_shovel":138,"minecraft:cooked_chicken":1,"minecraft:torch":108,"minecraft:dirt":7,"minecraft:dark_oak_planks":27,"minecraft:iron_axe":2839,"minecraft:cherry_slab":54,"minecraft:cherry_trapdoor":231,"minecraft:iron_boots":2,"minecraft:diamond_chestplate":1,"minecraft:cooked_beef":2,"minecraft:cobbled_deepslate":266,"minecraft:cherry_fence":278,"minecraft:cherry_log":1043,"minecraft:light_gray_bed":4,"minecraft:golden_axe":35,"minecraft:iron_leggings":1,"minecraft:water_bucket":105,"minecraft:baked_potato":5,"minecraft:cherry_planks":2341,"justhammers:diamond_hammer":18,"minecraft:oak_slab":453,"minecraft:crafting_table":31,"minecraft:white_bed":10,"justhammers:iron_hammer":47,"minecraft:diamond_pickaxe":171,"minecraft:apple":11,"minecraft:cherry_door":2,"minecraft:iron_pickaxe":118,"minecraft:stone_axe":499,"minecraft:fishing_rod":6,"minecraft:cobblestone":36,"minecraft:cherry_stairs":845,"minecraft:cooked_porkchop":18,"minecraft:bucket":106},"minecraft:killed_by":{"minecraft:skeleton":1},"minecraft:mined":{"minecraft:dark_oak_planks":6,"minecraft:white_bed":10,"minecraft:cherry_log":1888,"minecraft:cherry_trapdoor":24,"minecraft:grass_block":139,"minecraft:stone_brick_wall":1,"minecraft:light_gray_bed":5,"minecraft:chiseled_stone_bricks":1,"minecraft:iron_ore":11,"minecraft:cobbled_deepslate":98,"minecraft:deepslate_lapis_ore":3,"minecraft:kelp_plant":3,"minecraft:powder_snow":5,"minecraft:torch":2,"minecraft:poppy":1,"minecraft:nether_quartz_ore":1,"minecraft:glass":8,"minecraft:cobblestone":2,"minecraft:grindstone":1,"minecraft:oak_planks":8,"minecraft:wall_torch":9,"minecraft:cherry_slab":1,"minecraft:pink_petals":55,"minecraft:cherry_fence":77,"minecraft:dark_oak_slab":3,"minecraft:wheat":1,"minecraft:cherry_door":1,"minecraft:oak_log":173,"minecraft:sand":197,"minecraft:dirt":7,"minecraft:netherrack":1,"minecraft:oak_leaves":28,"minecraft:deepslate":12,"minecraft:yellow_terracotta":1,"minecraft:red_carpet":1,"minecraft:dark_oak_leaves":33,"minecraft:deepslate_diamond_ore":14,"minecraft:cherry_sapling":10,"minecraft:dark_oak_log":409,"minecraft:ladder":5,"minecraft:decorated_pot":1,"minecraft:spruce_leaves":4,"minecraft:cartography_table":1,"minecraft:large_fern":2,"minecraft:hay_block":31,"minecraft:furnace":4,"minecraft:orange_stained_glass_pane":8,"minecraft:gold_block":2,"minecraft:bell":1,"minecraft:deepslate_iron_ore":3,"minecraft:lantern":13,"minecraft:stripped_oak_log":1,"minecraft:stone":63,"minecraft:cherry_stairs":28,"minecraft:smithing_table":1,"minecraft:oak_slab":95,"minecraft:glass_pane":11,"minecraft:cherry_planks":300,"minecraft:crafting_table":27,"minecraft:short_grass":91,"minecraft:tall_grass":13,"minecraft:red_sandstone_wall":1,"minecraft:coal_ore":52,"minecraft:cherry_leaves":1992,"minecraft:sunflower":2},"minecraft:broken":{"minecraft:shears":7,"minecraft:stone_axe":3,"minecraft:stone_shovel":1,"minecraft:golden_axe":1,"minecraft:iron_axe":10},"minecraft:custom":{"minecraft:interact_with_crafting_table":137,"minecraft:open_barrel":5,"minecraft:bell_ring":11,"minecraft:leave_game":7,"minecraft:time_since_death":35877,"minecraft:sprint_one_cm":1538488,"minecraft:damage_blocked_by_shield":472,"minecraft:drop":188,"minecraft:talked_to_villager":3,"minecraft:play_time":709135,"minecraft:deaths":5,"minecraft:jump":10008,"minecraft:walk_on_water_one_cm":48562,"minecraft:enchant_item":1,"minecraft:interact_with_furnace":41,"minecraft:interact_with_cartography_table":1,"minecraft:interact_with_loom":1,"minecraft:sleep_in_bed":30,"minecraft:damage_dealt":11333,"minecraft:crouch_one_cm":257522,"minecraft:interact_with_smoker":5,"minecraft:horse_one_cm":250,"minecraft:interact_with_anvil":1,"minecraft:mob_kills":72,"minecraft:climb_one_cm":41782,"minecraft:walk_one_cm":1491941,"minecraft:sneak_time":66716,"minecraft:walk_under_water_one_cm":41436,"minecraft:boat_one_cm":395445,"minecraft:total_world_time":709135,"minecraft:interact_with_grindstone":1,"minecraft:time_since_rest":35917,"minecraft:damage_taken":7823,"minecraft:swim_one_cm":76504,"minecraft:fly_one_cm":2340973,"minecraft:open_chest":205,"minecraft:fish_caught":1,"minecraft:fall_one_cm":320835},"minecraft:killed":{"minecraft:spider":9,"minecraft:skeleton":5,"minecraft:bee":2,"minecraft:chicken":1,"minecraft:pig":4,"minecraft:salmon":1,"minecraft:creeper":5,"minecraft:sheep":4,"minecraft:zombie":18,"minecraft:cow":10,"minecraft:phantom":1,"minecraft:drowned":6,"minecraft:villager":1,"minecraft:enderman":1}},"DataVersion":3953}