{"stats":{"minecraft:custom":{"minecraft:interact_with_crafting_table":250,"minecraft:open_barrel":146,"minecraft:leave_game":80,"minecraft:time_since_death":177074,"minecraft:sprint_one_cm":3645675,"minecraft:drop":390,"minecraft:talked_to_villager":3,"minecraft:play_time":1803511,"minecraft:deaths":12,"minecraft:jump":14517,"minecraft:interact_with_brewingstand":1,"minecraft:walk_on_water_one_cm":102602,"minecraft:interact_with_furnace":327,"minecraft:sleep_in_bed":53,"minecraft:waystone_activated":3,"minecraft:damage_dealt":27455,"minecraft:crouch_one_cm":617678,"minecraft:horse_one_cm":2142629,"minecraft:interact_with_smithing_table":22,"minecraft:mob_kills":208,"minecraft:inspect_hopper":122,"minecraft:climb_one_cm":2543,"minecraft:walk_one_cm":4971714,"minecraft:sneak_time":144484,"minecraft:walk_under_water_one_cm":69948,"minecraft:boat_one_cm":421164,"minecraft:interact_with_blast_furnace":1,"minecraft:total_world_time":1803511,"minecraft:time_since_rest":965,"minecraft:damage_taken":19579,"minecraft:swim_one_cm":138602,"minecraft:fly_one_cm":2541797,"minecraft:open_chest":1052,"minecraft:fall_one_cm":441116},"minecraft:used":{"minecraft:iron_shovel":2706,"minecraft:ladder":1,"minecraft:chest":126,"minecraft:iron_sword":472,"travelersbackpack:diamond":29,"minecraft:iron_chestplate":2,"minecraft:mutton":4,"minecraft:jungle_planks":455,"minecraft:glass":198,"minecraft:lava_bucket":4,"minecraft:iron_helmet":5,"minecraft:stone_brick_stairs":169,"minecraft:stone_bricks":8928,"minecraft:furnace":38,"minecraft:egg":5,"minecraft:mossy_stone_bricks":2,"minecraft:diorite":42,"minecraft:diamond_boots":1,"minecraft:stone_pickaxe":23,"minecraft:wooden_pickaxe":26,"minecraft:sugar_cane":28,"minecraft:dark_oak_trapdoor":8,"minecraft:string":1,"minecraft:bread":79,"minecraft:diamond_sword":117,"minecraft:smithing_table":1,"minecraft:oak_boat":4,"minecraft:bone_meal":37,"minecraft:experience_bottle":1,"minecraft:stone_sword":53,"minecraft:spruce_planks":56,"minecraft:stone_hoe":477,"minecraft:netherrack":176,"minecraft:torch":718,"minecraft:dirt":4168,"minecraft:hopper":17,"minecraft:chainmail_chestplate":1,"minecraft:spruce_stairs":24,"minecraft:diamond_helmet":2,"minecraft:granite":25,"minecraft:iron_hoe":12,"minecraft:dark_oak_planks":546,"minecraft:wooden_axe":14,"minecraft:iron_axe":938,"minecraft:iron_boots":4,"minecraft:barrel":30,"minecraft:beef":3,"minecraft:cooked_beef":22,"minecraft:cobbled_deepslate":159,"minecraft:iron_leggings":5,"minecraft:calcite":1,"minecraft:wheat_seeds":349,"minecraft:cooked_mutton":50,"minecraft:water_bucket":102,"minecraft:cobblestone_slab":7,"justhammers:diamond_hammer":458,"minecraft:crafting_table":32,"minecraft:birch_sign":1,"minecraft:white_bed":13,"justhammers:iron_hammer":677,"minecraft:wooden_hoe":36,"minecraft:diamond_pickaxe":862,"minecraft:apple":12,"minecraft:diamond_shovel":2743,"minecraft:iron_pickaxe":2002,"minecraft:spruce_sapling":39,"justhammers:stone_hammer":1956,"minecraft:stone_axe":242,"minecraft:pink_petals":1,"minecraft:cobblestone":253,"travelersbackpack:standard":20,"minecraft:porkchop":2,"minecraft:cooked_porkchop":89,"minecraft:bucket":210,"minecraft:chainmail_leggings":1},"minecraft:mined":{"minecraft:dark_oak_planks":27,"minecraft:large_amethyst_bud":1,"minecraft:spruce_planks":4,"minecraft:white_bed":10,"minecraft:farmland":25,"minecraft:cherry_log":169,"minecraft:granite":9,"minecraft:budding_amethyst":3,"minecraft:acacia_log":8,"minecraft:grass_block":1851,"minecraft:jungle_log":146,"minecraft:hopper":11,"minecraft:oxeye_daisy":3,"minecraft:magma_block":11,"minecraft:glowstone":56,"minecraft:sculk_catalyst":1,"minecraft:iron_ore":365,"minecraft:cobbled_deepslate":4,"minecraft:fire":40,"minecraft:barrel":17,"minecraft:deepslate_lapis_ore":6,"minecraft:dirt_path":37,"minecraft:oak_stairs":2,"minecraft:small_amethyst_bud":1,"minecraft:birch_wall_sign":1,"minecraft:deepslate_redstone_ore":50,"minecraft:kelp_plant":13,"minecraft:medium_amethyst_bud":1,"minecraft:amethyst_cluster":1,"minecraft:powder_snow":8,"minecraft:torch":50,"minecraft:blast_furnace":4,"minecraft:calcite":1,"minecraft:melon":1,"minecraft:chest":64,"minecraft:dead_bush":7,"minecraft:nether_quartz_ore":17,"minecraft:cobblestone":65,"minecraft:oak_planks":17,"minecraft:sugar_cane":40,"minecraft:wall_torch":55,"minecraft:amethyst_block":5,"travelersbackpack:diamond":1,"minecraft:pink_petals":171,"minecraft:birch_log":24,"minecraft:wheat":45,"minecraft:stone_brick_stairs":40,"minecraft:oak_log":110,"minecraft:beetroots":2,"minecraft:sand":599,"minecraft:dirt":3030,"minecraft:netherrack":165,"minecraft:oak_leaves":28,"minecraft:deepslate":60,"minecraft:tuff":7,"minecraft:dark_oak_leaves":8,"minecraft:deepslate_diamond_ore":57,"minecraft:stripped_cherry_log":1,"minecraft:dark_oak_log":156,"minecraft:decorated_pot":3,"minecraft:jungle_planks":23,"minecraft:redstone_wire":1,"travelersbackpack:white_sleeping_bag":2,"minecraft:spruce_leaves":43,"minecraft:hay_block":84,"minecraft:redstone_ore":1,"minecraft:spruce_sapling":14,"minecraft:furnace":34,"minecraft:carrots":3,"minecraft:black_glazed_terracotta":8,"minecraft:andesite":1,"minecraft:gold_block":1,"minecraft:bookshelf":12,"minecraft:deepslate_iron_ore":17,"minecraft:vine":17,"minecraft:stone":323,"minecraft:white_tulip":7,"minecraft:smithing_table":1,"minecraft:glass_pane":10,"minecraft:soul_sand":2,"minecraft:dandelion":2,"travelersbackpack:standard":2,"minecraft:oak_fence":1,"minecraft:crafting_table":20,"minecraft:cornflower":1,"minecraft:short_grass":249,"minecraft:emerald_ore":9,"minecraft:light_gray_wall_banner":5,"minecraft:sculk_sensor":2,"minecraft:tall_grass":42,"minecraft:deepslate_gold_ore":34,"minecraft:diorite":54,"minecraft:birch_leaves":1,"minecraft:spruce_log":187,"minecraft:coal_ore":95,"minecraft:cocoa":1,"minecraft:cherry_leaves":35,"minecraft:gravel":16,"minecraft:cobweb":6,"minecraft:terracotta":2,"minecraft:stone_bricks":1569,"minecraft:gold_ore":1,"minecraft:fern":8},"minecraft:dropped":{"minecraft:birch_planks":4,"minecraft:oak_log":5,"minecraft:crafting_table":1,"minecraft:cod":1,"minecraft:emerald":3,"minecraft:dirt":2,"minecraft:gray_concrete":512,"minecraft:mutton":4,"minecraft:iron_pickaxe":2,"minecraft:white_wool":1,"minecraft:gravel":2,"minecraft:sugar_cane":3,"minecraft:cobbled_deepslate":1573,"minecraft:wheat":13,"minecraft:cherry_sapling":2,"minecraft:beetroot":1,"minecraft:rotten_flesh":30,"universal_graves:grave_compass":1,"minecraft:oak_planks":42,"justhammers:iron_hammer":11,"minecraft:carrot":2,"minecraft:chainmail_chestplate":2,"justhammers:stone_hammer":18,"minecraft:beetroot_seeds":5,"minecraft:blade_pottery_sherd":2,"minecraft:leather_boots":1,"minecraft:chest":1,"minecraft:arrow":2,"minecraft:water_bucket":1,"minecraft:stone_hoe":1,"minecraft:iron_ingot":10,"minecraft:wheat_seeds":22,"minecraft:cobblestone":5,"minecraft:granite":36,"minecraft:coal":11,"minecraft:stick":7,"minecraft:sculk":8,"minecraft:diorite":20,"minecraft:wooden_axe":1,"minecraft:iron_leggings":3,"minecraft:oak_stairs":3,"minecraft:iron_shovel":1,"minecraft:chainmail_leggings":2,"minecraft:string":7,"minecraft:pink_petals":136,"minecraft:redstone":1,"minecraft:dandelion":14,"minecraft:smooth_basalt":1,"minecraft:furnace":2,"minecraft:raw_copper":7,"minecraft:tuff":198,"minecraft:sculk_sensor":4,"minecraft:light_gray_wool":1,"minecraft:diamond_sword":1,"minecraft:iron_chestplate":1,"minecraft:andesite":20,"minecraft:spider_eye":3,"minecraft:stone_bricks":3,"minecraft:stone_pickaxe":1,"minecraft:wooden_pickaxe":1,"minecraft:black_wool":2},"minecraft:broken":{"minecraft:iron_shovel":10,"minecraft:iron_boots":1,"minecraft:iron_chestplate":1,"minecraft:diamond_shovel":1,"minecraft:stone_axe":1,"minecraft:iron_sword":1,"minecraft:stone_hoe":2,"minecraft:iron_axe":3,"minecraft:iron_pickaxe":8,"minecraft:wooden_hoe":3},"minecraft:killed_by":{"minecraft:creeper":1,"minecraft:zombie":2,"minecraft:skeleton":1},"minecraft:picked_up":{"minecraft:iron_chestplate":5,"minecraft:wheat":347,"minecraft:smithing_table":1,"minecraft:lead":1,"minecraft:diamond_sword":1,"minecraft:oak_stairs":6,"minecraft:potion":4,"minecraft:stone_brick_stairs":69,"minecraft:amethyst_block":158,"minecraft:string":22,"minecraft:raw_copper":131,"travelersbackpack:diamond":1,"minecraft:iron_leggings":5,"universal_graves:grave_compass":1,"minecraft:experience_bottle":1,"minecraft:beetroot":1,"minecraft:cobbled_deepslate":4737,"minecraft:black_glazed_terracotta":8,"minecraft:spruce_planks":4,"minecraft:white_tulip":7,"minecraft:cobblestone_slab":5,"minecraft:calcite":37,"minecraft:iron_pickaxe":6,"minecraft:melon_slice":4,"minecraft:furnace":68,"minecraft:iron_boots":4,"minecraft:stick":446,"minecraft:brown_terracotta":8,"minecraft:torch":270,"minecraft:acacia_log":8,"minecraft:porkchop":165,"minecraft:cherry_log":175,"minecraft:diorite":162,"minecraft:light_gray_banner":5,"minecraft:rotten_flesh":47,"minecraft:armadillo_scute":1,"minecraft:cod":1,"minecraft:cobblestone":12012,"minecraft:birch_log":48,"minecraft:pink_petals":2007,"minecraft:magma_block":93,"minecraft:cooked_beef":33,"minecraft:cherry_planks":27,"minecraft:andesite":38,"minecraft:water_bucket":4,"minecraft:jungle_log":146,"minecraft:potato":100,"minecraft:flint":4,"minecraft:tuff":213,"minecraft:gray_concrete":768,"minecraft:lapis_lazuli":134,"minecraft:dirt":6322,"minecraft:name_tag":1,"minecraft:bone":48,"minecraft:glass":143,"travelersbackpack:backpack_tank":4,"minecraft:wheat_seeds":745,"minecraft:raw_gold":55,"minecraft:mossy_stone_bricks":4,"minecraft:glowstone_dust":154,"minecraft:powered_rail":4,"minecraft:stone_hoe":4,"minecraft:oak_planks":262,"minecraft:cooked_porkchop":45,"justhammers:iron_hammer":3,"minecraft:jungle_planks":23,"minecraft:sand":723,"minecraft:dark_oak_log":312,"minecraft:barrel":47,"minecraft:diamond":142,"minecraft:granite":316,"minecraft:emerald":35,"minecraft:bread":1078,"minecraft:oak_sapling":67,"minecraft:cherry_slab":48,"minecraft:netherrack":1448,"minecraft:crafting_table":21,"minecraft:ominous_bottle":2,"minecraft:ladder":5,"minecraft:gold_block":1,"minecraft:diamond_horse_armor":9,"minecraft:stripped_cherry_log":2,"minecraft:cornflower":1,"minecraft:iron_axe":4,"minecraft:item_frame":1,"minecraft:iron_shovel":6,"minecraft:candle":2,"minecraft:beef":248,"minecraft:oak_boat":1,"minecraft:jungle_sapling":9,"minecraft:light_gray_wool":1,"minecraft:sugar_cane":70,"minecraft:chest":93,"minecraft:phantom_membrane":5,"minecraft:egg":9,"minecraft:dark_oak_sapling":4,"minecraft:raw_iron":602,"minecraft:stone":398,"minecraft:carrot":6,"minecraft:redstone":712,"minecraft:dark_oak_planks":69,"minecraft:arrow":38,"minecraft:beetroot_seeds":10,"minecraft:hay_block":84,"minecraft:saddle":1,"minecraft:gold_ingot":4,"minecraft:glow_berries":40,"minecraft:mutton":148,"minecraft:rail":47,"minecraft:white_wool":102,"minecraft:oxeye_daisy":3,"minecraft:leather":123,"minecraft:red_mushroom":3,"minecraft:birch_planks":28,"minecraft:oak_log":130,"minecraft:chainmail_chestplate":1,"minecraft:golden_boots":1,"minecraft:white_banner":2,"minecraft:orange_terracotta":30,"minecraft:cooked_mutton":100,"minecraft:apple":2,"minecraft:stone_bricks":2124,"minecraft:kelp":316,"minecraft:iron_ingot":22,"minecraft:blade_pottery_sherd":2,"minecraft:iron_sword":5,"minecraft:acacia_sapling":2,"minecraft:soul_sand":2,"minecraft:book":72,"minecraft:sculk_catalyst":8,"minecraft:smooth_basalt":1,"minecraft:sculk":24,"minecraft:quartz":799,"minecraft:dandelion":16,"minecraft:dripstone_block":8,"minecraft:gravel":46,"minecraft:lava_bucket":10,"minecraft:amethyst_shard":8,"justhammers:stone_hammer":37,"minecraft:spruce_sapling":41,"minecraft:blast_furnace":4,"minecraft:white_bed":10,"minecraft:spruce_log":187,"minecraft:spider_eye":3,"travelersbackpack:standard":2,"minecraft:diamond_shovel":4,"minecraft:sculk_sensor":14,"minecraft:chainmail_leggings":1,"minecraft:iron_helmet":3,"minecraft:birch_sign":7,"minecraft:cherry_sapling":74,"minecraft:terracotta":2266,"minecraft:melon_seeds":4,"minecraft:black_wool":2,"minecraft:coal":756,"minecraft:hopper":17},"minecraft:crafted":{"minecraft:oak_planks":184,"minecraft:cobblestone_slab":12,"minecraft:barrel":15,"travelersbackpack:crafting_upgrade":1,"minecraft:cherry_slab":54,"minecraft:stone":920,"minecraft:diamond_shovel":1,"travelersbackpack:diamond":5,"minecraft:cooked_mutton":50,"minecraft:quartz_block":90,"minecraft:glass":108,"minecraft:hopper":6,"minecraft:diamond_helmet":1,"minecraft:diamond_leggings":1,"justhammers:diamond_hammer":1,"minecraft:chest":72,"minecraft:stone_hoe":6,"minecraft:stone_bricks":6816,"travelersbackpack:iron_tier_upgrade":1,"minecraft:cooked_porkchop":89,"minecraft:crafting_table":16,"travelersbackpack:standard":3,"minecraft:wooden_pickaxe":1,"minecraft:iron_helmet":1,"minecraft:smithing_table":1,"minecraft:birch_planks":96,"minecraft:stone_brick_stairs":168,"minecraft:wooden_hoe":3,"minecraft:diamond_pickaxe":1,"minecraft:stick":400,"minecraft:iron_ingot":114,"minecraft:iron_pickaxe":9,"minecraft:stone_sword":1,"minecraft:gold_ingot":33,"minecraft:cherry_planks":560,"minecraft:furnace":23,"minecraft:dark_oak_trapdoor":8,"minecraft:bone_meal":42,"travelersbackpack:blank_upgrade":4,"travelersbackpack:gold_tier_upgrade":1,"travelersbackpack:white_sleeping_bag":3,"minecraft:iron_axe":4,"minecraft:iron_hoe":1,"minecraft:stone_pickaxe":1,"minecraft:diamond_boots":1,"minecraft:redstone_block":32,"minecraft:dark_oak_planks":880,"travelersbackpack:diamond_tier_upgrade":1,"minecraft:birch_sign":3,"minecraft:wheat":626,"minecraft:diamond_sword":1,"travelersbackpack:backpack_tank":12,"minecraft:iron_sword":1,"minecraft:bucket":26,"minecraft:stone_axe":3,"minecraft:bread":218,"minecraft:air":0,"minecraft:jungle_planks":484,"minecraft:oak_boat":3,"justhammers:iron_hammer":8,"justhammers:stone_hammer":31,"minecraft:wooden_axe":1,"minecraft:iron_shovel":12,"minecraft:white_bed":4,"minecraft:torch":516,"minecraft:diamond_chestplate":1},"minecraft:killed":{"minecraft:witch":1,"minecraft:spider":5,"minecraft:skeleton":18,"minecraft:chicken":1,"minecraft:silverfish":3,"minecraft:piglin":9,"minecraft:pig":30,"minecraft:zombie_villager":1,"minecraft:creeper":1,"minecraft:sheep":41,"minecraft:trader_llama":1,"minecraft:pillager":3,"minecraft:zombie":44,"minecraft:cow":38,"minecraft:armadillo":2,"minecraft:phantom":4,"minecraft:horse":1}},"DataVersion":3953}