{"stats":{"minecraft:dropped":{"farmersdelight:iron_knife":1,"alexsmobs:shark_tooth_arrow":1,"minecraft:glass_bottle":9,"minecraft:crossbow":1,"born_in_chaos_v1:pieceofdarkmetal":2,"minecraft:saddle":2,"minecraft:rail":12,"quark:blossom_fence":3,"minecraft:dirt":37,"minecraft:tnt_minecart":2,"minecraft:phantom_membrane":1,"minecraft:iron_pickaxe":2,"minecraft:white_wool":27,"minecraft:bone":30,"majruszsdifficulty:cloth":4,"minecraft:music_disc_chirp":2,"minecraft:iron_nugget":1,"minecraft:birch_sapling":3,"minecraft:wheat":3,"minecraft:rotten_flesh":74,"minecraft:oak_planks":8,"minecraft:glowstone_dust":7,"create:asurine":4,"minecraft:azure_bluet":2,"autumnity:maple_sapling":7,"iter_rpg:frosty_grass":5,"minecraft:leather_leggings":1,"rottencreatures:frozen_rotten_flesh":4,"minecraft:beef":2,"minecraft:egg":1,"minecraft:enchanted_book":25,"minecraft:golden_boots":1,"minecraft:iron_ingot":1,"minecraft:wheat_seeds":151,"minecraft:cobblestone":4,"minecraft:oak_fence":14,"minecraft:iron_helmet":1,"minecraft:prismarine_crystals":2,"minecraft:book":1,"minecraft:apple":5,"minecraft:coal":7,"minecraft:polished_andesite":11,"minecraft:oxeye_daisy":1,"minecraft:gray_wool":1,"minecraft:gray_bed":4,"minecraft:wooden_axe":1,"minecraft:rose_bush":2,"aquaculture:jellyfish":1,"delightful:acorn":11,"minecraft:chainmail_leggings":1,"minecraft:iron_shovel":7,"minecraft:string":16,"create:raw_zinc":6,"minecraft:spruce_sapling":10,"blue_skies:cooked_charscale_moki":1,"minecraft:stone":2,"minecraft:spruce_planks":1,"minecraft:spider_eye":15,"minecraft:terracotta":1,"minecraft:spruce_sign":1,"minecraft:birch_planks":2,"minecraft:leather":9,"create:crimsite":1,"minecraft:cyan_terracotta":1,"minecraft:ice":1,"minecraft:cornflower":6,"minecraft:snowball":5,"minecraft:gravel":6,"quark:ancient_planks":1,"minecraft:beetroot":3,"quark:shale":1,"minecraft:carrot":1,"iter_rpg:reef_stone":2,"supplementaries:ash":2,"minecraft:gunpowder":5,"minecraft:skeleton_skull":2,"environmental:cattail":18,"born_in_chaos_v1:corpse_maggot":6,"woodworks:oak_chest":1,"minecraft:arrow":1,"minecraft:golden_helmet":1,"minecraft:prismarine_shard":4,"minecraft:copper_ingot":1,"minecraft:spruce_stairs":2,"minecraft:stick":10,"quark:clear_shard":2,"born_in_chaos_v1:river_mint":17,"bakery:strawberry_seeds":4,"minecraft:torch":11,"minecraft:melon_slice":12,"born_in_chaos_v1:fused_bone":3,"minecraft:zombie_head":1,"farmersdelight:bacon":4,"minecraft:wither_rose":1,"minecraft:iron_axe":10,"minecraft:raw_iron_block":1,"minecraft:bucket":1,"autumnity:foul_berries":4,"minecraft:dandelion":28,"minecraft:tuff":1,"supplementaries:bomb":1,"minecraft:sculk_sensor":2,"autumnity:autumn_crocus":4,"alexsmobs:bear_fur":2,"farmersdelight:flint_knife":1,"minecraft:iron_chestplate":4,"minecraft:andesite":17,"minecraft:oak_sapling":155,"minecraft:slime_ball":2,"minecraft:wooden_pickaxe":1,"autumnity:snail_goo":1,"minecraft:calcite":1},"minecraft:used":{"farmersdelight:cabbage_seeds":21,"minecraft:ladder":81,"minecraft:stone":10,"luphieclutteredmod:luphie_yellow_cabinet":8,"luphieclutteredmod:luphie_yellow_mini_cabinet":4,"unusualfishmod:eyelash_fish_bucket":1,"minecraft:lava_bucket":20,"aquaculture:perch_bucket":3,"minecraft:furnace":10,"minecraft:oak_sapling":12,"autumnity:red_maple_sapling":6,"minecraft:egg":5,"autumnity:maple_fence":31,"quark:polished_calcite":81,"minecraft:diorite":2,"minecraft:wooden_pickaxe":18,"minecraft:diamond_sword":283,"minecraft:wooden_sword":80,"minecraft:oak_boat":5,"minecraft:enchanting_table":1,"create:limestone":266,"woodworks:spruce_chest":2,"minecraft:stick":3,"minecraft:torch":436,"minecraft:brewing_stand":1,"minecraft:anvil":1,"quark:yellow_blossom_sapling":4,"luphieclutteredmod:luphie_yellow_shelf_cabinet":1,"minecraft:oak_fence_gate":1,"minecraft:polished_diorite":29,"farmersdelight:beef_patty":3,"minecraft:iron_axe":1976,"autumnity:maple_pressure_plate":4,"minecraft:melon_seeds":6,"farmersdelight:cooking_pot":6,"quark:blossom_planks":212,"farmersdelight:tomato_seeds":4,"minecraft:cobbled_deepslate":14,"minecraft:calcite":1,"quark:blossom_log":13,"minecraft:wheat_seeds":53,"luphieclutteredmod:luphie_yellow_glass_cabinet":2,"upgrade_aquatic:glass_door":14,"minecraft:water_bucket":208,"minecraft:crafting_table":27,"supplementaries:bomb":1,"minecraft:campfire":1,"minecraft:oak_log":3,"aquaculture:catfish_bucket":2,"minecraft:diamond_pickaxe":392,"minecraft:diamond_shovel":5,"quark:ancient_planks_slab":233,"minecraft:iron_pickaxe":2953,"minecraft:enchanted_book":2,"connectedglass:clear_glass_red":32,"minecraft:cobblestone":461,"farmersdelight:egg_sandwich":52,"minecraft:cooked_porkchop":6,"quark:ancient_sapling":19,"minecraft:iron_shovel":4030,"farmersdelight:stove":1,"minecraft:shield":3,"alexsmobs:medium_catfish_bucket":1,"quark:ancient_log":26,"galosphere:spectre_flare":1,"minecraft:carrot":26,"minecraft:glass":3,"born_in_chaos_v1:corpse_maggot":3,"aquaculture:muskellunge_bucket":2,"autumnity:maple_planks":69,"aquaculture:bluegill_bucket":4,"minecraft:stone_bricks":1205,"minecraft:gray_bed":7,"aquaculture:smallmouth_bass_bucket":1,"table_top_craft:chess_piece_figure":4,"naturalist:cooked_egg":3,"minecraft:stone_pickaxe":129,"minecraft:oak_planks":396,"minecraft:diamond_axe":52,"minecraft:white_wool":1,"minecraft:crossbow":13,"aquaculture:jellyfish_bucket":1,"aquaculture:brown_trout_bucket":1,"minecraft:melon_slice":99,"minecraft:bread":90,"minecraft:deepslate":13,"quark:blossom_fence":43,"connectedglass:borderless_glass_red":188,"aquaculture:gar_bucket":1,"minecraft:andesite":7,"minecraft:bone_meal":39,"minecraft:experience_bottle":2,"minecraft:oak_fence":13,"storagedrawers:oak_full_drawers_1":4,"quark:calcite_bricks":135,"woodworks:oak_chest":11,"minecraft:spruce_planks":47,"minecraft:spyglass":7,"minecraft:dirt":1082,"aquaculture:minnow_bucket":3,"minecraft:iron_hoe":128,"minecraft:wooden_axe":40,"minecraft:bookshelf":30,"quark:ancient_planks_stairs":249,"connectedglass:borderless_glass":263,"aquaculture:tuna_bucket":2,"bakery:strawberry_seeds":18,"minecraft:cooked_beef":31,"minecraft:cooked_mutton":32,"quark:ancient_sign":6,"farmersdelight:skillet":2,"quark:ancient_planks":146,"farmersdelight:onion":21,"connectedglass:clear_glass":15,"aquaculture:carp_bucket":1,"delightful:mini_melon":1,"storagedrawers:oak_half_drawers_1":5,"quark:diorite_bricks":60,"minecraft:bucket":266},"minecraft:killed":{"minecraft:cave_spider":1,"born_in_chaos_v1:restless_spirit":3,"born_in_chaos_v1:zombie_lumberjack":1,"born_in_chaos_v1:door_knight_not_despawn":1,"born_in_chaos_v1:siamese_skeletonsright":1,"minecraft:skeleton":40,"minecraft:chicken":22,"naturalist:dragonfly":1,"rottencreatures:frostbitten":2,"dungeons_mobs:wraith":3,"minecraft:pillager":8,"minecraft:zombie":42,"born_in_chaos_v1:corpse_fly":17,"minecraft:cow":23,"minecraft:vindicator":3,"born_in_chaos_v1:skeleton_thrasher_not_despawn":1,"rottencreatures:undead_miner":1,"iter_rpg:water_elemental":3,"minecraft:husk":2,"iter_rpg:blob":1,"born_in_chaos_v1:decrepit_skeleton":17,"alexsmobs:catfish":1,"born_in_chaos_v1:bloody_gadfly":2,"minecraft:spider":29,"quark:forgotten":1,"minecraft:piglin_brute":25,"artifacts:mimic":1,"minecraft:piglin":14,"alexsmobs:grizzly_bear":2,"minecraft:zombie_villager":9,"born_in_chaos_v1:diamond_termite":1,"iter_rpg:spiderling":15,"minecraft:creeper":13,"minecraft:sheep":17,"minecraft:trader_llama":2,"minecraft:stray":4,"born_in_chaos_v1:siamese_skeletonsleft":1,"born_in_chaos_v1:missioner":1,"born_in_chaos_v1:zombie_bruiser":1,"born_in_chaos_v1:maggot":19,"autumnity:snail":1,"minecraft:drowned":1,"born_in_chaos_v1:baby_skeleton":6,"born_in_chaos_v1:swarmer":3,"naturalist:butterfly":3,"alexsmobs:cockroach":3},"minecraft:custom":{"minecraft:interact_with_crafting_table":230,"minecraft:open_barrel":26,"minecraft:bell_ring":2,"minecraft:eat_cake_slice":4,"minecraft:leave_game":33,"minecraft:time_since_death":68455,"minecraft:damage_blocked_by_shield":140,"minecraft:play_time":1253323,"minecraft:deaths":29,"minecraft:jump":16842,"minecraft:enchant_item":17,"minecraft:interact_with_furnace":232,"minecraft:interact_with_cartography_table":2,"minecraft:sleep_in_bed":60,"minecraft:waystone_activated":7,"minecraft:damage_dealt":64928,"minecraft:interact_with_smoker":11,"minecraft:interact_with_anvil":22,"minecraft:sneak_time":13412,"minecraft:interact_with_blast_furnace":1,"minecraft:total_world_time":1253323,"enigmaticlegacy:play_time_without_seven_curses":1247557,"minecraft:time_since_rest":34536,"minecraft:swim_one_cm":236660,"minecraft:fly_one_cm":3367306,"minecraft:open_chest":309,"minecraft:fall_one_cm":392023,"enigmaticlegacy:play_time_with_seven_curses":0,"lootr:looted_stat":98,"minecraft:animals_bred":29,"minecraft:damage_resisted":19,"minecraft:sprint_one_cm":4665286,"minecraft:drop":317,"minecraft:talked_to_villager":4,"minecraft:interact_with_brewingstand":4,"minecraft:walk_on_water_one_cm":130448,"minecraft:player_kills":5,"minecraft:crouch_one_cm":50508,"minecraft:mob_kills":385,"minecraft:damage_dealt_resisted":659,"minecraft:climb_one_cm":122044,"minecraft:walk_one_cm":3118605,"minecraft:walk_under_water_one_cm":71956,"minecraft:boat_one_cm":5720,"minecraft:raid_trigger":1,"minecraft:damage_taken":20126},"minecraft:mined":{"quark:diorite_bricks":36,"minecraft:carved_pumpkin":1,"minecraft:obsidian":4,"minecraft:granite":1,"minecraft:oxeye_daisy":10,"minecraft:spawner":13,"minecraft:tall_seagrass":1,"epicsamurai:deepslate_jade_ore":16,"minecraft:magma_block":1,"quark:calcite_bricks":14,"minecraft:granite_slab":1,"minecraft:deepslate_lapis_ore":3,"minecraft:sculk_shrieker":15,"minecraft:cave_vines":1,"bakery:strawberry_taiga":2,"minecraft:water_cauldron":1,"minecraft:dirt_path":14,"minecraft:green_carpet":6,"autumnity:red_maple_sapling":2,"create:veridium":2,"minecraft:player_head":4,"create:limestone":290,"quark:ancient_planks":45,"born_in_chaos_v1:infected_deepslate_diamond_ore":1,"minecraft:torch":32,"quark:blossom_log":2,"farmersdelight:cabbages":2,"minecraft:glass":3,"minecraft:bricks":1,"quark:blossom_fence":4,"quark:ancient_sapling":2,"minecraft:wheat":33,"storagedrawers:oak_full_drawers_1":3,"celestisynth:lunar_stone":1,"minecraft:grass":339,"delightful:mini_melon":42,"environmental:dirt_path":2,"minecraft:red_mushroom_block":1,"minecraft:deepslate":94,"luphieclutteredmod:luphie_yellow_mini_cabinet":2,"table_top_craft:chess_piece_figure":2,"quark:ancient_log":2,"create:zinc_ore":4,"epicsamurai:deepslate_onyx_ore":4,"quark:shale":5,"create:brown_seat":1,"farmersdelight:wild_carrots":8,"minecraft:sea_lantern":6,"minecraft:dark_oak_fence":1,"connectedglass:clear_glass":1,"farmersdelight:wild_onions":8,"iter_rpg:void_quartz":4,"minecraft:andesite":24,"minecraft:rail":1,"minecraft:white_wool":1,"connectedglass:borderless_glass_red":10,"galosphere:deepslate_silver_ore":49,"minecraft:dandelion":49,"minecraft:cornflower":3,"iter_rpg:vase":8,"autumnity:maple_fence":2,"minecraft:tall_grass":63,"minecraft:copper_ore":2,"iter_rpg:frosty_grass":3,"minecraft:deepslate_gold_ore":32,"minecraft:diorite":119,"farmersdelight:skillet":1,"minecraft:red_terracotta":9,"minecraft:spruce_log":3,"autumnity:tall_foul_berry_bush":2,"minecraft:gravel":6,"minecraft:cobweb":1,"minecraft:stone_bricks":263,"create:deepslate_zinc_ore":2,"minecraft:spruce_planks":26,"minecraft:farmland":4,"quark:yellow_blossom_leaves":1,"connectedglass:borderless_glass":5,"minecraft:sculk_vein":3,"minecraft:brewing_stand":1,"quark:ancient_planks_slab":10,"minecraft:grass_block":2646,"minecraft:polished_diorite":5,"environmental:giant_tall_grass":5,"minecraft:raw_iron_block":1,"minecraft:iron_ore":64,"quark:polished_calcite":11,"quark:blossom_planks":96,"minecraft:azure_bluet":10,"create:asurine":4,"supplementaries:stick":2,"minecraft:cyan_terracotta":1,"supplementaries:book_pile":1,"minecraft:clay":8,"quark:ancient_planks_stairs":36,"minecraft:calcite":257,"minecraft:poppy":43,"minecraft:cobblestone":56,"minecraft:oak_planks":229,"minecraft:wall_torch":20,"minecraft:deepslate_copper_ore":4,"minecraft:seagrass":1,"minecraft:dark_oak_slab":1,"born_in_chaos_v1:river_mint":1,"minecraft:oak_log":3,"minecraft:sand":595,"minecraft:dirt":653,"galosphere:glinted_lumiere_cluster":1,"create:crimsite":1,"minecraft:oak_leaves":18,"infernalexp:buried_bone":3,"minecraft:tuff":7,"farmersdelight:onions":1,"minecraft:deepslate_diamond_ore":12,"born_in_chaos_v1:infected_diamond_ore":2,"minecraft:ladder":10,"epicsamurai:deepslate_ruby_ore":12,"iter_rpg:ametrine_ore":2,"iter_rpg:void_quartz_block":6,"create:ochrum":1,"minecraft:spruce_leaves":3,"iter_rpg:big_vase":2,"minecraft:hay_block":33,"minecraft:furnace":6,"minecraft:carrots":6,"iter_rpg:small_vase":12,"luphieclutteredmod:luphie_yellow_cabinet":3,"treechop:chopped_log":62,"minecraft:peony":11,"minecraft:gold_block":1,"minecraft:bookshelf":88,"minecraft:deepslate_iron_ore":94,"minecraft:stone":1665,"farmersdelight:cooking_pot":5,"born_in_chaos_v1:marigolds":2,"minecraft:polished_granite":1,"epicsamurai:deepslate_aquamarine_ore":11,"autumnity:maple_planks":13,"autumnity:autumn_crocus":2,"minecraft:crafting_table":9,"minecraft:sculk_sensor":2,"delightful:wild_salmonberries":19,"minecraft:spruce_stairs":2,"minecraft:birch_planks":2,"upgrade_aquatic:glass_door":8,"storagedrawers:oak_half_drawers_1":4,"iter_rpg:deepslate_ametrine_ore":8,"minecraft:gray_bed":7,"iter_rpg:spider_egg":2,"minecraft:coal_ore":177,"minecraft:cracked_stone_bricks":1,"minecraft:terracotta":2,"minecraft:stripped_acacia_wood":2,"minecraft:polished_andesite":5,"epicsamurai:ruby_ore":3},"minecraft:picked_up":{"minecraft:iron_chestplate":1,"minecraft:prismarine_shard":7,"minecraft:lead":20,"minecraft:enchanted_book":27,"minecraft:brewing_stand":1,"minecraft:golden_sword":1,"minecraft:string":56,"create:limestone":288,"minecraft:beetroot":85,"autumnity:foul_berries":4,"minecraft:cobbled_deepslate":118,"bosses_of_mass_destruction:soul_star":1,"born_in_chaos_v1:charmof_power":1,"minecraft:spruce_planks":22,"celestisynth:lunar_stone":1,"minecraft:golden_helmet":2,"born_in_chaos_v1:shattered_skull":5,"autumnity:maple_planks":25,"quark:blossom_log":59,"minecraft:golden_chestplate":1,"minecraft:cauldron":1,"iter_rpg:voidquartz_shard":15,"minecraft:stone_sword":1,"quark:clear_shard":11,"create:ochrum":1,"quark:calcite_bricks":14,"farmersdelight:onion":42,"minecraft:carved_pumpkin":1,"minecraft:cyan_terracotta":1,"quark:ancient_planks":46,"supplementaries:ash":5,"minecraft:snowball":32,"minecraft:magma_block":1,"minecraft:feather":21,"minecraft:cooked_beef":15,"farmersdelight:bacon":2,"farmersdelight:tomato":16,"born_in_chaos_v1:marigolds":2,"delightful:mini_melon":38,"iter_rpg:water_fragment":3,"galosphere:raw_silver":49,"aquaculture:jellyfish":2,"minecraft:granite_slab":2,"autumnity:yellow_maple_sapling":4,"minecraft:polished_andesite":13,"create:crimsite":1,"minecraft:deepslate":1,"autumnity:maple_sapling":12,"minecraft:bread":6,"epicsamurai:ruby":15,"minecraft:bricks":1,"minecraft:crafting_table":8,"minecraft:clay_ball":32,"minecraft:leather_leggings":2,"quark:ancient_sapling":57,"minecraft:cornflower":6,"epicsamurai:jade":15,"minecraft:iron_shovel":3,"supplementaries:bomb":1,"minecraft:cracked_stone_bricks":1,"iter_rpg:ametrine_shard":26,"minecraft:beef":39,"minecraft:iron_nugget":1,"minecraft:poppy":43,"quark:yellow_blossom_sapling":4,"minecraft:birch_sapling":3,"minecraft:egg":213,"minecraft:stone":2,"minecraft:music_disc_mellohi":1,"minecraft:fire_charge":1,"born_in_chaos_v1:pieceofdarkmetal":17,"minecraft:carrot":86,"minecraft:prismarine_crystals":18,"minecraft:beetroot_seeds":268,"minecraft:peony":11,"minecraft:hay_block":33,"minecraft:mutton":14,"minecraft:bone_block":27,"minecraft:white_wool":38,"minecraft:rail":1,"minecraft:oxeye_daisy":11,"majruszsdifficulty:cloth":4,"minecraft:oak_log":233,"minecraft:golden_boots":2,"naturalist:cooked_egg":137,"farmersdelight:skillet":1,"minecraft:apple":18,"minecraft:stone_bricks":253,"farmersdelight:cooking_pot":5,"alexsmobs:cockroach_wing_fragment":1,"minecraft:gray_bed":11,"epicsamurai:aquamarine":11,"minecraft:red_wool":3,"born_in_chaos_v1:ethereal_spirit":7,"iter_rpg:frosty_grass":5,"minecraft:gravel":6,"minecraft:spruce_sapling":11,"delightful:salmonberries":19,"minecraft:spruce_log":23,"minecraft:leather_helmet":1,"autumnity:maple_fence":2,"minecraft:slime_ball":6,"minecraft:polished_diorite":5,"minecraft:gray_wool":1,"quark:ancient_log":260,"rottencreatures:frozen_rotten_flesh":4,"minecraft:wheat":78,"autumnity:maple_log":47,"bakery:strawberry_seeds":26,"minecraft:raw_copper":21,"minecraft:zombie_head":1,"minecraft:tnt_minecart":2,"minecraft:bucket":2,"farmersdelight:cabbage":8,"delightful:acorn":29,"minecraft:red_dye":1,"minecraft:rose_bush":1,"minecraft:calcite":256,"minecraft:iron_pickaxe":2,"quark:ancient_planks_stairs":35,"farmersdelight:cabbage_seeds":19,"minecraft:furnace":6,"minecraft:tipped_arrow":3,"minecraft:stick":83,"ecologics:walnut_log":3,"minecraft:torch":91,"minecraft:spruce_stairs":2,"minecraft:diorite":119,"quark:blossom_planks":89,"minecraft:rotten_flesh":108,"create:asurine":8,"autumnity:turkey_egg":2,"create:veridium":1,"minecraft:obsidian":4,"minecraft:cobblestone":1714,"ecologics:walnut":8,"minecraft:leather_chestplate":1,"minecraft:andesite":24,"quark:polished_calcite":11,"minecraft:golden_leggings":1,"alexsmobs:bear_fur":6,"minecraft:tuff":1,"create:raw_zinc":6,"quark:blossom_fence":4,"minecraft:lapis_lazuli":15,"minecraft:dirt":3321,"minecraft:polished_granite":1,"minecraft:leather_boots":1,"minecraft:bone":118,"autumnity:autumn_crocus":6,"minecraft:wheat_seeds":394,"iter_rpg:reef_stone":2,"minecraft:raw_gold":33,"minecraft:oak_planks":227,"quark:shale":6,"minecraft:sand":571,"minecraft:diamond":12,"minecraft:crossbow":1,"luphieclutteredmod:luphie_yellow_mini_cabinet":2,"iter_rpg:void_quartz_block":6,"minecraft:spruce_sign":1,"minecraft:emerald":3,"minecraft:oak_sapling":179,"iter_rpg:spawner_fragment":5,"majruszsdifficulty:tattered_boots":1,"minecraft:charcoal":16,"born_in_chaos_v1:diamond_termite_shard":1,"minecraft:azure_bluet":11,"born_in_chaos_v1:river_mint":17,"minecraft:chicken":17,"minecraft:ladder":9,"iter_rpg:whetstone":3,"minecraft:gold_block":1,"minecraft:brick":7,"minecraft:shield":2,"minecraft:iron_axe":5,"storagedrawers:oak_half_drawers_1":4,"ecologics:walnut_sapling":4,"minecraft:oak_boat":3,"minecraft:player_head":4,"quark:ancient_planks_slab":13,"crittersandcompanions:clam":1,"minecraft:raw_iron":158,"minecraft:copper_ingot":1,"minecraft:arrow":82,"minecraft:saddle":2,"autumnity:snail_goo":2,"minecraft:skeleton_skull":3,"born_in_chaos_v1:fused_bone":3,"born_in_chaos_v1:corpse_maggot":24,"autumnity:red_maple_sapling":22,"table_top_craft:chess_piece_figure":2,"minecraft:leather":26,"minecraft:birch_planks":2,"minecraft:ice":1,"quark:diorite_bricks":36,"minecraft:gunpowder":21,"galosphere:lumiere_shard":2,"quark:forgotten_hat":1,"minecraft:cooked_mutton":18,"iter_rpg:potsherd":1,"minecraft:iron_ingot":60,"minecraft:cooked_chicken":11,"artifacts:kitty_slippers":1,"aquaculture:minnow":4,"storagedrawers:oak_full_drawers_1":3,"minecraft:music_disc_chirp":2,"minecraft:book":253,"quark:ancient_fruit":15,"epicsamurai:onyx":4,"bakery:strawberry":22,"minecraft:dandelion":75,"minecraft:raw_iron_block":2,"minecraft:amethyst_shard":3,"minecraft:spider_eye":22,"alexsmobs:raw_catfish":3,"environmental:cattail":18,"minecraft:terracotta":2,"luphieclutteredmod:luphie_yellow_cabinet":3,"minecraft:coal":201},"minecraft:killed_by":{"minecraft:piglin_brute":1,"minecraft:pillager":3,"minecraft:vindicator":11,"born_in_chaos_v1:siamese_skeletons":1,"minecraft:vex":2,"minecraft:stray":1,"mutantmonsters:mutant_skeleton":4,"quark:forgotten":1,"born_in_chaos_v1:corpse_fly":1,"minecraft:player":2,"minecraft:skeleton":2},"minecraft:broken":{"minecraft:iron_boots":1,"minecraft:wooden_sword":1,"quark:forgotten_hat":1,"minecraft:iron_axe":4,"minecraft:iron_pickaxe":11,"minecraft:iron_shovel":12,"minecraft:stone_pickaxe":1},"minecraft:crafted":{"connectedglass:borderless_glass_red":224,"connectedglass:clear_glass":28,"ecologics:walnut_planks":12,"upgrade_aquatic:glass_door":15,"minecraft:bookshelf":30,"connectedglass:borderless_glass":508,"minecraft:cooked_mutton":18,"minecraft:glass":572,"minecraft:diamond_helmet":1,"minecraft:diamond_leggings":1,"galosphere:silver_ingot":34,"minecraft:glass_bottle":3,"minecraft:deepslate":21,"minecraft:cooked_porkchop":6,"minecraft:diamond_axe":1,"farmersdelight:egg_sandwich":54,"storagedrawers:oak_full_drawers_1":1,"minecraft:copper_ingot":21,"minecraft:campfire":2,"farmersdelight:beef_patty":3,"minecraft:iron_pickaxe":12,"minecraft:iron_block":3,"minecraft:gold_ingot":33,"quark:ancient_planks":756,"quark:ancient_planks_stairs":232,"minecraft:spyglass":1,"minecraft:bone_meal":39,"woodworks:spruce_chest":2,"storagedrawers:oak_half_drawers_1":1,"quark:diorite_bricks":36,"minecraft:polished_diorite":60,"quark:blossom_fence":42,"minecraft:ladder":92,"minecraft:stone_pickaxe":1,"minecraft:diamond_boots":1,"minecraft:lead":2,"minecraft:wheat":289,"minecraft:enchanting_table":1,"quark:calcite_bricks":148,"quark:polished_calcite":220,"luphieclutteredmod:luphie_yellow_mini_cabinet":2,"minecraft:oak_fence_gate":1,"minecraft:wooden_axe":1,"connectedglass:clear_glass_red":40,"minecraft:iron_shovel":17,"minecraft:brick":19,"minecraft:oak_planks":780,"minecraft:melon_slice":111,"minecraft:stone":994,"minecraft:iron_boots":1,"minecraft:chest":12,"autumnity:maple_planks":188,"minecraft:bricks":4,"minecraft:stone_bricks":980,"minecraft:oak_fence":27,"farmersdelight:stove":1,"minecraft:oak_slab":6,"quark:blossom_planks":184,"minecraft:crafting_table":19,"minecraft:spruce_planks":84,"minecraft:wooden_pickaxe":1,"minecraft:iron_helmet":1,"quark:ancient_planks_slab":270,"autumnity:maple_pressure_plate":4,"autumnity:maple_fence":51,"farmersdelight:skillet":1,"luphieclutteredmod:luphie_yellow_glass_cabinet":2,"minecraft:iron_chestplate":2,"minecraft:yellow_dye":30,"minecraft:shield":1,"minecraft:stick":356,"minecraft:iron_ingot":122,"minecraft:wooden_sword":2,"luphieclutteredmod:luphie_yellow_shelf_cabinet":1,"minecraft:raw_iron":9,"minecraft:furnace":4,"minecraft:glass_pane":16,"minecraft:iron_axe":10,"minecraft:iron_hoe":1,"quark:ancient_sign":6,"minecraft:cooked_beef":32,"minecraft:red_dye":43,"minecraft:diamond_sword":1,"minecraft:bucket":3,"minecraft:bread":110,"minecraft:air":0,"woodworks:oak_chest":14,"minecraft:oak_boat":2,"minecraft:anvil":1,"luphieclutteredmod:luphie_yellow_cabinet":9,"minecraft:torch":372,"minecraft:diamond_chestplate":2}},"DataVersion":3120}