{"stats":{"minecraft:used":{"minecraft:cherry_sapling":15,"minecraft:iron_shovel":1951,"minecraft:spruce_slab":91,"minecraft:ladder":14,"minecraft:diamond_hoe":142,"minecraft:shield":24,"minecraft:chest":51,"minecraft:iron_sword":54,"minecraft:stone":6,"travelersbackpack:diamond":1,"minecraft:iron_chestplate":1,"minecraft:tuff":7,"minecraft:axolotl_bucket":3,"minecraft:obsidian":11,"minecraft:glass":1,"minecraft:lantern":3,"minecraft:grass_block":3,"minecraft:cherry_leaves":581,"minecraft:hopper_minecart":3,"minecraft:stone_brick_stairs":408,"minecraft:stone_bricks":6239,"minecraft:furnace":23,"minecraft:egg":4,"minecraft:potato":282,"minecraft:spruce_door":1,"minecraft:deepslate_brick_wall":41,"minecraft:diamond_boots":3,"minecraft:stone_pickaxe":37,"minecraft:powered_rail":9,"minecraft:oak_planks":10,"minecraft:blackstone":2,"minecraft:wooden_pickaxe":14,"minecraft:redstone_block":8,"minecraft:sugar_cane":111,"minecraft:diamond_axe":1034,"minecraft:white_wool":2,"minecraft:blast_furnace":5,"minecraft:stone_brick_wall":580,"minecraft:shears":457,"minecraft:bread":211,"minecraft:lectern":76,"minecraft:gravel":15,"minecraft:diamond_sword":104,"minecraft:grindstone":2,"minecraft:smithing_table":1,"minecraft:andesite":255,"minecraft:smooth_stone_slab":150,"minecraft:oak_boat":2,"minecraft:oak_fence":47,"minecraft:enchanting_table":4,"minecraft:flint_and_steel":2,"minecraft:redstone":32,"minecraft:spruce_planks":219,"minecraft:netherrack":389,"minecraft:torch":861,"minecraft:brewing_stand":3,"minecraft:dirt":5368,"minecraft:warped_wart_block":2,"minecraft:anvil":2,"minecraft:hopper":20,"minecraft:spruce_stairs":75,"minecraft:diamond_helmet":3,"minecraft:spruce_fence":62,"minecraft:oak_fence_gate":3,"minecraft:polished_diorite":172,"minecraft:iron_hoe":1,"minecraft:stone_brick_slab":54,"minecraft:wooden_axe":13,"minecraft:bookshelf":47,"minecraft:light_gray_stained_glass":507,"minecraft:iron_axe":161,"minecraft:barrel":3,"minecraft:diamond_chestplate":3,"minecraft:light_gray_bed":1,"minecraft:cherry_log":86,"minecraft:cooked_beef":10,"minecraft:observer":25,"minecraft:cobbled_deepslate":360,"minecraft:wheat_seeds":126,"minecraft:cooked_mutton":10,"minecraft:water_bucket":208,"minecraft:snow_block":64,"minecraft:baked_potato":63,"minecraft:cherry_planks":24,"minecraft:stonecutter":1,"minecraft:cobblestone_slab":7,"minecraft:deepslate_bricks":348,"minecraft:glow_item_frame":51,"minecraft:mossy_cobblestone":9,"minecraft:rail":52,"justhammers:diamond_hammer":1185,"minecraft:crafting_table":17,"minecraft:campfire":55,"minecraft:spruce_log":102,"justhammers:iron_hammer":55,"minecraft:smoker":4,"minecraft:piston":60,"minecraft:diamond_pickaxe":2933,"minecraft:diamond_shovel":1763,"minecraft:iron_pickaxe":406,"minecraft:spruce_trapdoor":599,"minecraft:spruce_sapling":18,"minecraft:stone_axe":67,"minecraft:pink_petals":2411,"minecraft:cherry_stairs":12,"minecraft:cobblestone":448,"minecraft:cooked_porkchop":3,"minecraft:bucket":216,"minecraft:diamond_leggings":5,"minecraft:chainmail_leggings":1},"minecraft:killed_by":{"minecraft:zombie":1,"minecraft:skeleton":2},"minecraft:dropped":{"minecraft:iron_sword":1,"minecraft:baked_potato":1,"minecraft:ender_pearl":1,"minecraft:diamond":31,"minecraft:cooked_porkchop":1,"minecraft:orange_tulip":1,"minecraft:flint":2,"minecraft:dirt":84,"minecraft:cornflower":2,"minecraft:mutton":5,"minecraft:cooked_cod":2,"minecraft:cherry_leaves":18,"minecraft:snowball":18,"minecraft:sunflower":5,"minecraft:sand":1,"minecraft:iron_pickaxe":2,"minecraft:fishing_rod":1,"minecraft:bone":8,"minecraft:gravel":10,"minecraft:white_tulip":2,"minecraft:sugar_cane":1,"minecraft:stone_axe":1,"minecraft:ancient_debris":27,"minecraft:cobbled_deepslate":20,"minecraft:wheat":2,"minecraft:birch_sapling":1,"minecraft:rotten_flesh":59,"minecraft:oak_planks":1,"justhammers:iron_hammer":1,"minecraft:azure_bluet":1,"minecraft:brick_stairs":128,"minecraft:melon_seeds":4,"minecraft:acacia_sapling":4,"minecraft:chest":1,"minecraft:spruce_slab":4,"minecraft:iron_bars":5,"minecraft:arrow":3,"minecraft:stone_brick_stairs":3,"minecraft:splash_potion":1,"minecraft:netherrack":329,"minecraft:lectern":1,"minecraft:egg":2,"minecraft:water_bucket":1,"minecraft:iron_ingot":34,"justhammers:diamond_hammer":3,"minecraft:oak_slab":8,"minecraft:wheat_seeds":48,"minecraft:deepslate_brick_wall":1,"minecraft:poisonous_potato":2,"minecraft:oak_fence":8,"minecraft:iron_helmet":2,"minecraft:cobblestone":2,"minecraft:prismarine_crystals":16,"minecraft:book":1,"minecraft:granite":146,"minecraft:spruce_stairs":2,"minecraft:coal":256,"minecraft:stick":15,"minecraft:oxeye_daisy":1,"minecraft:diorite":16,"minecraft:wooden_axe":1,"minecraft:cherry_planks":3,"minecraft:light_gray_stained_glass":1,"minecraft:iron_shovel":4,"minecraft:string":48,"minecraft:pink_petals":78,"minecraft:blue_carpet":1,"minecraft:dandelion":25,"minecraft:stone_brick_slab":130,"minecraft:kelp":11,"travelersbackpack:diamond":1,"minecraft:diamond_hoe":1,"minecraft:tall_grass":2,"minecraft:iron_boots":1,"minecraft:spruce_fence":1,"minecraft:lily_of_the_valley":4,"minecraft:filled_map":2,"minecraft:diamond_sword":1,"minecraft:potato":1,"minecraft:cobblestone_slab":5,"minecraft:hay_block":1,"minecraft:stone":643,"minecraft:diamond_chestplate":1,"minecraft:spruce_trapdoor":3,"minecraft:spruce_planks":1,"minecraft:diamond_pickaxe":1,"minecraft:iron_chestplate":1,"minecraft:andesite":600,"minecraft:mossy_stone_bricks":1,"minecraft:oak_boat":1,"minecraft:golden_sword":1,"minecraft:stone_bricks":580,"minecraft:brown_carpet":6,"minecraft:bow":1,"minecraft:wooden_pickaxe":2,"minecraft:raw_gold":4},"minecraft:custom":{"minecraft:interact_with_crafting_table":174,"minecraft:open_barrel":10,"minecraft:leave_game":35,"minecraft:time_since_death":22003,"minecraft:sprint_one_cm":4942336,"minecraft:damage_blocked_by_shield":1160,"minecraft:drop":284,"minecraft:talked_to_villager":71,"minecraft:play_time":1700784,"minecraft:deaths":14,"minecraft:jump":19958,"minecraft:interact_with_brewingstand":2,"minecraft:walk_on_water_one_cm":183375,"minecraft:enchant_item":17,"minecraft:interact_with_furnace":168,"minecraft:traded_with_villager":1,"minecraft:interact_with_loom":1,"minecraft:sleep_in_bed":28,"minecraft:waystone_activated":2,"minecraft:damage_dealt":33830,"minecraft:crouch_one_cm":285501,"minecraft:interact_with_smoker":31,"minecraft:horse_one_cm":1353256,"minecraft:interact_with_anvil":9,"minecraft:mob_kills":216,"minecraft:inspect_hopper":76,"minecraft:climb_one_cm":60355,"minecraft:walk_one_cm":2946907,"minecraft:sneak_time":72186,"minecraft:walk_under_water_one_cm":233833,"minecraft:boat_one_cm":404327,"minecraft:interact_with_blast_furnace":4,"minecraft:total_world_time":1700784,"minecraft:interact_with_stonecutter":1,"minecraft:interact_with_grindstone":8,"minecraft:time_since_rest":22230,"minecraft:damage_taken":13828,"minecraft:swim_one_cm":208009,"minecraft:fly_one_cm":6386551,"minecraft:open_chest":486,"minecraft:fall_one_cm":523569},"minecraft:mined":{"minecraft:spruce_planks":19,"minecraft:prismarine_wall":2,"minecraft:cherry_log":123,"minecraft:brewing_stand":2,"minecraft:obsidian":21,"minecraft:spruce_trapdoor":77,"minecraft:granite":8,"minecraft:stone_brick_wall":10,"minecraft:grass_block":2190,"minecraft:light_gray_bed":2,"minecraft:coal_block":4,"minecraft:deepslate_bricks":2,"minecraft:polished_diorite":2,"minecraft:crimson_fungus":1,"minecraft:hopper":3,"minecraft:oxeye_daisy":17,"minecraft:spawner":2,"minecraft:raw_iron_block":5,"minecraft:magma_block":5,"minecraft:glowstone":20,"minecraft:fire":1,"minecraft:iron_ore":91,"minecraft:cobbled_deepslate":80,"minecraft:deepslate_lapis_ore":2,"minecraft:azure_bluet":23,"minecraft:red_tulip":37,"minecraft:water_cauldron":1,"minecraft:iron_bars":3,"minecraft:deepslate_redstone_ore":21,"minecraft:blackstone":17,"minecraft:twisting_vines_plant":3,"minecraft:torch":30,"minecraft:blast_furnace":1,"minecraft:poppy":1,"minecraft:chest":4,"minecraft:glass":1,"minecraft:nether_quartz_ore":124,"minecraft:cobblestone":68,"minecraft:oak_planks":7,"minecraft:sugar_cane":9,"minecraft:wall_torch":38,"travelersbackpack:diamond":5,"minecraft:pink_petals":144,"minecraft:warped_nylium":13,"minecraft:powered_rail":1,"minecraft:birch_log":36,"minecraft:light_gray_stained_glass":2,"minecraft:wheat":58,"minecraft:lilac":40,"minecraft:warped_fungus":6,"minecraft:orange_tulip":1,"minecraft:smooth_stone_slab":5,"minecraft:stone_brick_stairs":40,"minecraft:oak_log":100,"minecraft:sand":574,"minecraft:dirt":649,"minecraft:ancient_debris":12,"minecraft:netherrack":1105,"minecraft:piston":2,"minecraft:oak_leaves":7,"minecraft:deepslate":503,"minecraft:suspicious_gravel":1,"minecraft:nether_gold_ore":13,"minecraft:tuff":56,"minecraft:mossy_cobblestone":6,"minecraft:deepslate_diamond_ore":115,"minecraft:candle":4,"minecraft:cherry_sapling":2,"minecraft:decorated_pot":1,"minecraft:redstone_wire":3,"minecraft:spruce_leaves":41,"minecraft:kelp":1,"minecraft:large_fern":4,"minecraft:hay_block":47,"minecraft:furnace":2,"minecraft:nether_sprouts":1,"minecraft:snow":6,"minecraft:andesite":143,"minecraft:bookshelf":9,"minecraft:potatoes":210,"minecraft:shroomlight":11,"minecraft:deepslate_iron_ore":34,"minecraft:rail":1,"minecraft:lantern":3,"minecraft:warped_stem":12,"minecraft:white_tulip":1,"minecraft:stone":361,"minecraft:white_wool":2,"minecraft:glass_pane":2,"minecraft:cherry_planks":2,"minecraft:lily_of_the_valley":5,"minecraft:snow_block":360,"minecraft:brown_carpet":4,"minecraft:stone_brick_slab":15,"minecraft:observer":13,"minecraft:dandelion":9,"minecraft:oak_fence":4,"minecraft:crafting_table":2,"minecraft:cornflower":1,"minecraft:short_grass":579,"minecraft:emerald_ore":1,"minecraft:warped_roots":1,"minecraft:rose_bush":30,"minecraft:lectern":3,"minecraft:tall_grass":65,"minecraft:deepslate_gold_ore":15,"minecraft:diorite":12,"minecraft:warped_wart_block":2,"minecraft:spruce_stairs":2,"minecraft:sweet_berry_bush":8,"minecraft:birch_leaves":7,"minecraft:spruce_log":347,"minecraft:coal_ore":87,"minecraft:cherry_leaves":484,"minecraft:sunflower":9,"minecraft:gravel":31,"minecraft:stone_bricks":298,"minecraft:gold_ore":2,"minecraft:fern":4},"minecraft:broken":{"minecraft:iron_shovel":6,"minecraft:shears":1,"minecraft:iron_pickaxe":1},"minecraft:killed":{"minecraft:zombified_piglin":2,"minecraft:spider":9,"minecraft:skeleton":15,"minecraft:magma_cube":3,"minecraft:piglin":1,"minecraft:pig":17,"minecraft:creeper":6,"minecraft:sheep":16,"minecraft:pillager":3,"minecraft:zombie":78,"minecraft:cow":47,"minecraft:zoglin":1,"minecraft:drowned":9,"minecraft:enderman":3},"minecraft:crafted":{"minecraft:grindstone":1,"minecraft:smooth_stone":64,"minecraft:oak_planks":392,"minecraft:cobblestone_slab":12,"minecraft:barrel":3,"minecraft:cherry_slab":6,"minecraft:stone":154,"minecraft:diamond_shovel":1,"travelersbackpack:diamond":2,"minecraft:bookshelf":4,"minecraft:cooked_mutton":14,"minecraft:quartz_block":80,"minecraft:glass":462,"minecraft:hopper":19,"minecraft:stone_brick_slab":60,"minecraft:diamond_helmet":1,"minecraft:diamond_leggings":1,"justhammers:diamond_hammer":3,"minecraft:chest":66,"minecraft:rail":64,"minecraft:stone_bricks":1696,"minecraft:oak_fence":51,"minecraft:golden_boots":1,"minecraft:oak_slab":6,"minecraft:item_frame":4,"minecraft:deepslate":32,"minecraft:cooked_porkchop":23,"minecraft:diamond_axe":2,"minecraft:crafting_table":15,"minecraft:spruce_planks":936,"minecraft:glow_item_frame":4,"travelersbackpack:standard":2,"minecraft:wooden_pickaxe":1,"minecraft:baked_potato":489,"minecraft:chest_minecart":1,"minecraft:spruce_door":3,"minecraft:smithing_table":1,"minecraft:hopper_minecart":2,"minecraft:birch_planks":72,"minecraft:stone_brick_stairs":104,"minecraft:spruce_trapdoor":132,"minecraft:book":6,"minecraft:paper":18,"minecraft:diamond_pickaxe":3,"minecraft:shield":1,"minecraft:stone_slab":6,"minecraft:stick":284,"minecraft:iron_ingot":179,"minecraft:iron_pickaxe":1,"minecraft:iron_block":3,"minecraft:snow_block":359,"minecraft:gold_ingot":34,"minecraft:light_gray_dye":37,"minecraft:netherite_ingot":4,"minecraft:deepslate_bricks":256,"minecraft:shears":2,"minecraft:cherry_planks":204,"minecraft:stone_brick_wall":24,"minecraft:smooth_stone_slab":60,"minecraft:light_gray_stained_glass":296,"minecraft:diamond_hoe":1,"minecraft:furnace":27,"minecraft:piston":58,"minecraft:flint_and_steel":1,"travelersbackpack:white_sleeping_bag":2,"minecraft:polished_diorite":128,"minecraft:polished_deepslate":256,"minecraft:ladder":27,"minecraft:spruce_slab":6,"minecraft:cherry_stairs":8,"minecraft:stone_pickaxe":1,"minecraft:diamond_boots":1,"minecraft:redstone_block":9,"minecraft:netherite_scrap":27,"minecraft:observer":12,"minecraft:minecart":3,"minecraft:wheat":271,"minecraft:cooked_beef":26,"minecraft:diamond_sword":1,"minecraft:enchanting_table":2,"travelersbackpack:backpack_tank":4,"minecraft:powered_rail":12,"minecraft:bucket":3,"minecraft:stone_axe":1,"minecraft:enchanted_book":1,"minecraft:bread":110,"minecraft:air":0,"minecraft:oak_fence_gate":3,"minecraft:oak_boat":3,"justhammers:iron_hammer":2,"minecraft:wooden_axe":1,"minecraft:iron_shovel":8,"minecraft:stonecutter":1,"minecraft:anvil":1,"minecraft:torch":196,"minecraft:diamond_chestplate":1},"minecraft:picked_up":{"minecraft:iron_chestplate":1,"minecraft:wheat":64,"minecraft:stone_slab":5,"minecraft:diamond_sword":2,"minecraft:potion":2,"minecraft:stone_brick_stairs":73,"minecraft:brewing_stand":2,"minecraft:golden_sword":2,"minecraft:music_disc_cat":1,"minecraft:string":69,"minecraft:raw_copper":7,"travelersbackpack:diamond":5,"minecraft:smooth_stone_slab":76,"minecraft:shroomlight":9,"minecraft:diamond_leggings":5,"minecraft:smooth_stone":34,"minecraft:gold_nugget":200,"minecraft:cobbled_deepslate":1260,"minecraft:bucket":6,"minecraft:spruce_planks":56,"minecraft:white_tulip":2,"minecraft:rose_bush":29,"minecraft:iron_pickaxe":4,"minecraft:hopper_minecart":1,"minecraft:coal_block":4,"minecraft:iron_boots":1,"minecraft:furnace":11,"minecraft:tipped_arrow":2,"minecraft:stick":45,"minecraft:deepslate_brick_wall":1,"minecraft:oak_fence":4,"minecraft:torch":223,"minecraft:spruce_stairs":2,"minecraft:porkchop":38,"minecraft:cherry_log":193,"minecraft:diorite":155,"minecraft:brown_carpet":6,"minecraft:light_gray_bed":2,"minecraft:rotten_flesh":109,"minecraft:red_tulip":34,"minecraft:obsidian":35,"minecraft:iron_bars":5,"minecraft:snowball":1452,"minecraft:cobblestone":2890,"minecraft:birch_log":72,"minecraft:pink_petals":398,"minecraft:magma_block":5,"minecraft:lilac":37,"minecraft:magma_cream":7,"minecraft:cherry_planks":16,"minecraft:cherry_leaves":346,"minecraft:water_bucket":4,"minecraft:andesite":1038,"minecraft:brown_wool":1,"minecraft:potato":753,"minecraft:flint":6,"minecraft:tuff":136,"minecraft:lapis_lazuli":142,"minecraft:dirt":2901,"minecraft:lantern":3,"minecraft:twisting_vines":8,"minecraft:glass":53,"minecraft:bone":40,"minecraft:bow":2,"minecraft:wheat_seeds":266,"minecraft:orange_tulip":1,"minecraft:raw_gold":29,"minecraft:mossy_stone_bricks":1,"minecraft:diamond_helmet":5,"minecraft:glowstone_dust":70,"minecraft:powered_rail":6,"minecraft:oak_planks":84,"minecraft:cooked_porkchop":9,"minecraft:warped_wart_block":2,"minecraft:poisonous_potato":4,"justhammers:iron_hammer":3,"minecraft:sand":567,"minecraft:grass_block":2,"minecraft:lily_of_the_valley":4,"minecraft:mossy_cobblestone":44,"minecraft:diamond":234,"minecraft:granite":277,"minecraft:emerald":1,"minecraft:bread":231,"minecraft:oak_sapling":22,"minecraft:netherrack":2933,"minecraft:diamond_pickaxe":6,"minecraft:crafting_table":3,"minecraft:azure_bluet":23,"minecraft:ominous_bottle":1,"minecraft:splash_potion":1,"minecraft:wooden_pickaxe":1,"minecraft:stone_brick_wall":13,"minecraft:shield":5,"minecraft:cornflower":2,"minecraft:iron_axe":3,"minecraft:iron_shovel":2,"minecraft:blackstone":191,"minecraft:candle":26,"minecraft:beef":117,"minecraft:oak_boat":3,"minecraft:observer":13,"minecraft:light_gray_wool":1,"minecraft:lectern":3,"minecraft:sugar_cane":43,"minecraft:chest":5,"minecraft:birch_sapling":2,"minecraft:piston":2,"minecraft:spruce_trapdoor":86,"minecraft:egg":8,"minecraft:raw_iron":324,"minecraft:stone":739,"minecraft:glow_item_frame":5,"minecraft:spruce_fence":1,"minecraft:redstone":402,"minecraft:prismarine_crystals":8,"minecraft:blue_carpet":1,"minecraft:arrow":10,"minecraft:diamond_chestplate":6,"minecraft:deepslate_bricks":3,"minecraft:diamond_boots":5,"minecraft:hay_block":50,"minecraft:saddle":1,"minecraft:gold_ingot":10,"minecraft:brick_stairs":256,"minecraft:mutton":30,"minecraft:rail":13,"minecraft:white_wool":20,"minecraft:oxeye_daisy":17,"minecraft:glow_ink_sac":50,"minecraft:leather":61,"minecraft:filled_map":1,"minecraft:crimson_fungus":1,"minecraft:oak_log":105,"minecraft:ancient_debris":54,"minecraft:gunpowder":23,"minecraft:white_banner":1,"minecraft:apple":57,"minecraft:stone_bricks":1803,"minecraft:kelp":5,"minecraft:warped_stem":12,"minecraft:iron_ingot":70,"minecraft:stone_pickaxe":2,"minecraft:tall_grass":2,"minecraft:iron_sword":2,"minecraft:acacia_sapling":4,"minecraft:book":49,"minecraft:oak_slab":4,"minecraft:warped_fungus":6,"minecraft:sweet_berries":45,"minecraft:stone_brick_slab":142,"minecraft:quartz":374,"minecraft:dandelion":25,"minecraft:raw_iron_block":5,"minecraft:gravel":31,"minecraft:spruce_sapling":24,"minecraft:blast_furnace":2,"minecraft:spruce_log":476,"justhammers:diamond_hammer":4,"minecraft:spider_eye":1,"minecraft:diamond_shovel":2,"minecraft:polished_diorite":2,"minecraft:stone_axe":2,"minecraft:iron_helmet":2,"minecraft:diamond_axe":5,"minecraft:cherry_sapling":15,"minecraft:warped_roots":1,"minecraft:melon_seeds":4,"minecraft:coal":826,"minecraft:hopper":3,"minecraft:sunflower":5,"minecraft:ender_pearl":6}},"DataVersion":3953}