{"stats":{"minecraft:dropped":{"farmersdelight:iron_knife":1,"minecraft:glass_bottle":9,"minecraft:crossbow":1,"create:crimsite":1,"minecraft:saddle":2,"born_in_chaos_v1:pieceofdarkmetal":2,"minecraft:rail":12,"minecraft:cyan_terracotta":1,"quark:blossom_fence":3,"minecraft:dirt":35,"minecraft:cornflower":6,"minecraft:tnt_minecart":2,"minecraft:snowball":5,"minecraft:phantom_membrane":1,"minecraft:iron_pickaxe":2,"minecraft:white_wool":20,"minecraft:bone":29,"minecraft:gravel":6,"majruszsdifficulty:cloth":3,"quark:ancient_planks":1,"minecraft:iron_nugget":1,"minecraft:music_disc_chirp":2,"minecraft:wheat":3,"minecraft:birch_sapling":3,"minecraft:beetroot":3,"minecraft:rotten_flesh":28,"minecraft:oak_planks":8,"minecraft:glowstone_dust":7,"create:asurine":4,"minecraft:azure_bluet":2,"quark:shale":1,"autumnity:maple_sapling":7,"supplementaries:ash":1,"iter_rpg:frosty_grass":5,"minecraft:gunpowder":5,"minecraft:skeleton_skull":2,"environmental:cattail":18,"born_in_chaos_v1:corpse_maggot":6,"woodworks:oak_chest":1,"minecraft:leather_leggings":1,"rottencreatures:frozen_rotten_flesh":4,"minecraft:arrow":1,"minecraft:beef":2,"minecraft:egg":1,"minecraft:golden_boots":1,"minecraft:enchanted_book":25,"minecraft:iron_ingot":1,"minecraft:wheat_seeds":150,"minecraft:oak_fence":14,"minecraft:iron_helmet":1,"minecraft:cobblestone":4,"minecraft:apple":5,"minecraft:copper_ingot":1,"minecraft:spruce_stairs":2,"minecraft:coal":7,"minecraft:stick":10,"minecraft:polished_andesite":11,"minecraft:oxeye_daisy":1,"minecraft:gray_wool":1,"quark:clear_shard":2,"born_in_chaos_v1:river_mint":17,"bakery:strawberry_seeds":4,"minecraft:torch":11,"minecraft:melon_slice":12,"minecraft:gray_bed":4,"minecraft:wooden_axe":1,"minecraft:rose_bush":2,"born_in_chaos_v1:fused_bone":1,"minecraft:zombie_head":1,"aquaculture:jellyfish":1,"delightful:acorn":11,"farmersdelight:bacon":4,"minecraft:iron_axe":10,"minecraft:raw_iron_block":1,"minecraft:iron_shovel":7,"minecraft:chainmail_leggings":1,"minecraft:string":4,"minecraft:bucket":1,"create:raw_zinc":6,"minecraft:spruce_sapling":10,"autumnity:foul_berries":4,"minecraft:dandelion":28,"minecraft:tuff":1,"supplementaries:bomb":1,"minecraft:sculk_sensor":2,"autumnity:autumn_crocus":4,"minecraft:stone":2,"farmersdelight:flint_knife":1,"minecraft:spruce_planks":1,"minecraft:iron_chestplate":4,"minecraft:andesite":9,"minecraft:oak_sapling":155,"minecraft:spider_eye":5,"minecraft:slime_ball":2,"minecraft:wooden_pickaxe":1,"autumnity:snail_goo":1,"minecraft:calcite":1,"minecraft:terracotta":1},"minecraft:used":{"minecraft:iron_shovel":4030,"farmersdelight:cabbage_seeds":21,"minecraft:ladder":81,"minecraft:shield":3,"farmersdelight:stove":1,"minecraft:stone":10,"luphieclutteredmod:luphie_yellow_cabinet":8,"alexsmobs:medium_catfish_bucket":1,"quark:ancient_log":26,"galosphere:spectre_flare":1,"luphieclutteredmod:luphie_yellow_mini_cabinet":4,"minecraft:carrot":26,"minecraft:glass":3,"unusualfishmod:eyelash_fish_bucket":1,"aquaculture:muskellunge_bucket":2,"minecraft:lava_bucket":19,"born_in_chaos_v1:corpse_maggot":3,"aquaculture:perch_bucket":3,"autumnity:maple_planks":69,"aquaculture:bluegill_bucket":4,"minecraft:stone_bricks":1205,"minecraft:oak_sapling":12,"minecraft:furnace":10,"autumnity:red_maple_sapling":6,"minecraft:gray_bed":7,"minecraft:egg":5,"autumnity:maple_fence":31,"aquaculture:smallmouth_bass_bucket":1,"quark:polished_calcite":81,"minecraft:diorite":2,"table_top_craft:chess_piece_figure":4,"naturalist:cooked_egg":3,"minecraft:stone_pickaxe":129,"minecraft:oak_planks":396,"minecraft:diamond_axe":11,"minecraft:wooden_pickaxe":18,"minecraft:white_wool":1,"minecraft:crossbow":13,"aquaculture:jellyfish_bucket":1,"aquaculture:brown_trout_bucket":1,"minecraft:melon_slice":99,"minecraft:bread":90,"minecraft:deepslate":13,"quark:blossom_fence":43,"minecraft:diamond_sword":6,"minecraft:wooden_sword":80,"connectedglass:borderless_glass_red":188,"aquaculture:gar_bucket":1,"minecraft:andesite":7,"storagedrawers:oak_full_drawers_1":4,"minecraft:oak_fence":13,"minecraft:oak_boat":5,"create:limestone":266,"minecraft:bone_meal":39,"minecraft:experience_bottle":2,"minecraft:enchanting_table":1,"quark:calcite_bricks":135,"woodworks:oak_chest":11,"minecraft:spruce_planks":47,"minecraft:spyglass":7,"minecraft:stick":3,"woodworks:spruce_chest":2,"minecraft:anvil":1,"quark:yellow_blossom_sapling":4,"minecraft:dirt":1082,"minecraft:torch":436,"minecraft:brewing_stand":1,"aquaculture:minnow_bucket":3,"luphieclutteredmod:luphie_yellow_shelf_cabinet":1,"minecraft:oak_fence_gate":1,"minecraft:polished_diorite":29,"farmersdelight:beef_patty":3,"minecraft:iron_hoe":128,"minecraft:wooden_axe":40,"minecraft:bookshelf":30,"minecraft:iron_axe":1976,"quark:ancient_planks_stairs":249,"connectedglass:borderless_glass":263,"autumnity:maple_pressure_plate":4,"minecraft:melon_seeds":6,"aquaculture:tuna_bucket":2,"bakery:strawberry_seeds":18,"farmersdelight:tomato_seeds":4,"farmersdelight:cooking_pot":6,"quark:blossom_planks":212,"quark:blossom_log":13,"minecraft:cooked_beef":31,"minecraft:calcite":1,"minecraft:cobbled_deepslate":14,"minecraft:cooked_mutton":16,"minecraft:wheat_seeds":53,"luphieclutteredmod:luphie_yellow_glass_cabinet":2,"upgrade_aquatic:glass_door":14,"minecraft:water_bucket":202,"quark:ancient_sign":6,"farmersdelight:skillet":2,"quark:ancient_planks":146,"farmersdelight:onion":21,"connectedglass:clear_glass":15,"aquaculture:carp_bucket":1,"minecraft:crafting_table":27,"supplementaries:bomb":1,"minecraft:campfire":1,"storagedrawers:oak_half_drawers_1":5,"delightful:mini_melon":1,"minecraft:oak_log":3,"aquaculture:catfish_bucket":2,"minecraft:diamond_pickaxe":365,"quark:ancient_planks_slab":233,"minecraft:iron_pickaxe":2953,"minecraft:enchanted_book":2,"connectedglass:clear_glass_red":32,"quark:diorite_bricks":60,"minecraft:cobblestone":443,"farmersdelight:egg_sandwich":32,"minecraft:cooked_porkchop":6,"minecraft:bucket":258,"quark:ancient_sapling":19},"minecraft:killed":{"minecraft:cave_spider":1,"born_in_chaos_v1:zombie_lumberjack":1,"minecraft:spider":24,"quark:forgotten":1,"minecraft:skeleton":31,"minecraft:chicken":18,"minecraft:piglin_brute":1,"artifacts:mimic":1,"alexsmobs:grizzly_bear":1,"born_in_chaos_v1:diamond_termite":1,"minecraft:zombie_villager":1,"naturalist:dragonfly":1,"rottencreatures:frostbitten":2,"dungeons_mobs:wraith":3,"iter_rpg:spiderling":15,"minecraft:creeper":10,"minecraft:sheep":11,"minecraft:trader_llama":2,"minecraft:pillager":8,"minecraft:zombie":36,"born_in_chaos_v1:corpse_fly":17,"minecraft:stray":2,"minecraft:cow":19,"minecraft:vindicator":3,"born_in_chaos_v1:zombie_bruiser":1,"born_in_chaos_v1:maggot":17,"autumnity:snail":1,"minecraft:drowned":1,"rottencreatures:undead_miner":1,"minecraft:husk":2,"born_in_chaos_v1:baby_skeleton":2,"born_in_chaos_v1:swarmer":3,"naturalist:butterfly":3,"born_in_chaos_v1:decrepit_skeleton":6,"alexsmobs:catfish":1,"born_in_chaos_v1:bloody_gadfly":2,"alexsmobs:cockroach":3},"minecraft:custom":{"enigmaticlegacy:play_time_with_seven_curses":0,"lootr:looted_stat":67,"minecraft:animals_bred":29,"minecraft:interact_with_crafting_table":229,"minecraft:open_barrel":5,"minecraft:bell_ring":1,"minecraft:eat_cake_slice":4,"minecraft:leave_game":32,"minecraft:time_since_death":941287,"minecraft:damage_resisted":19,"minecraft:damage_blocked_by_shield":140,"minecraft:sprint_one_cm":4351076,"minecraft:drop":282,"minecraft:talked_to_villager":4,"minecraft:play_time":1182006,"minecraft:deaths":28,"minecraft:jump":15836,"minecraft:interact_with_brewingstand":2,"minecraft:walk_on_water_one_cm":126071,"minecraft:enchant_item":17,"minecraft:interact_with_furnace":232,"minecraft:interact_with_cartography_table":2,"minecraft:sleep_in_bed":56,"minecraft:waystone_activated":7,"minecraft:damage_dealt":43009,"minecraft:player_kills":5,"minecraft:crouch_one_cm":49766,"minecraft:interact_with_smoker":10,"minecraft:interact_with_anvil":22,"minecraft:mob_kills":259,"minecraft:damage_dealt_resisted":138,"minecraft:climb_one_cm":115896,"minecraft:walk_one_cm":2855064,"minecraft:sneak_time":13229,"minecraft:walk_under_water_one_cm":70347,"minecraft:boat_one_cm":5720,"minecraft:interact_with_blast_furnace":1,"minecraft:total_world_time":1182006,"enigmaticlegacy:play_time_without_seven_curses":1176274,"minecraft:raid_trigger":1,"minecraft:time_since_rest":17292,"minecraft:damage_taken":17049,"minecraft:swim_one_cm":229642,"minecraft:fly_one_cm":3209201,"minecraft:open_chest":293,"minecraft:fall_one_cm":365257},"minecraft:mined":{"create:deepslate_zinc_ore":2,"minecraft:spruce_planks":26,"minecraft:farmland":4,"connectedglass:borderless_glass":5,"quark:yellow_blossom_leaves":1,"quark:diorite_bricks":36,"minecraft:sculk_vein":3,"minecraft:brewing_stand":1,"quark:ancient_planks_slab":10,"minecraft:obsidian":4,"minecraft:carved_pumpkin":1,"minecraft:granite":1,"minecraft:grass_block":2642,"minecraft:polished_diorite":5,"minecraft:oxeye_daisy":10,"minecraft:spawner":1,"environmental:giant_tall_grass":5,"minecraft:tall_seagrass":1,"minecraft:raw_iron_block":1,"epicsamurai:deepslate_jade_ore":16,"minecraft:magma_block":1,"minecraft:iron_ore":64,"quark:calcite_bricks":14,"quark:polished_calcite":11,"quark:blossom_planks":96,"minecraft:deepslate_lapis_ore":3,"minecraft:granite_slab":1,"minecraft:azure_bluet":10,"create:asurine":4,"minecraft:sculk_shrieker":15,"supplementaries:stick":2,"bakery:strawberry_taiga":2,"minecraft:water_cauldron":1,"minecraft:dirt_path":14,"minecraft:green_carpet":6,"autumnity:red_maple_sapling":2,"create:veridium":2,"minecraft:player_head":1,"create:limestone":290,"quark:ancient_planks":45,"minecraft:cyan_terracotta":1,"supplementaries:book_pile":1,"minecraft:clay":8,"born_in_chaos_v1:infected_deepslate_diamond_ore":1,"minecraft:torch":32,"quark:ancient_planks_stairs":36,"minecraft:poppy":43,"minecraft:calcite":257,"quark:blossom_log":2,"minecraft:glass":3,"farmersdelight:cabbages":2,"minecraft:cobblestone":54,"minecraft:oak_planks":229,"minecraft:bricks":1,"minecraft:wall_torch":20,"minecraft:deepslate_copper_ore":4,"minecraft:seagrass":1,"quark:blossom_fence":4,"minecraft:dark_oak_slab":1,"storagedrawers:oak_full_drawers_1":3,"minecraft:wheat":33,"quark:ancient_sapling":2,"born_in_chaos_v1:river_mint":1,"celestisynth:lunar_stone":1,"minecraft:grass":337,"minecraft:oak_log":3,"delightful:mini_melon":42,"minecraft:sand":595,"minecraft:dirt":652,"galosphere:glinted_lumiere_cluster":1,"environmental:dirt_path":2,"create:crimsite":1,"infernalexp:buried_bone":3,"minecraft:oak_leaves":17,"minecraft:deepslate":94,"luphieclutteredmod:luphie_yellow_mini_cabinet":2,"table_top_craft:chess_piece_figure":2,"quark:ancient_log":2,"create:zinc_ore":4,"minecraft:tuff":7,"farmersdelight:onions":1,"epicsamurai:deepslate_onyx_ore":4,"minecraft:deepslate_diamond_ore":12,"quark:shale":5,"create:brown_seat":1,"farmersdelight:wild_carrots":8,"minecraft:sea_lantern":6,"born_in_chaos_v1:infected_diamond_ore":2,"minecraft:dark_oak_fence":1,"minecraft:ladder":10,"epicsamurai:deepslate_ruby_ore":12,"connectedglass:clear_glass":1,"iter_rpg:ametrine_ore":2,"iter_rpg:void_quartz_block":6,"create:ochrum":1,"minecraft:spruce_leaves":3,"iter_rpg:big_vase":2,"minecraft:hay_block":33,"farmersdelight:wild_onions":8,"minecraft:furnace":6,"minecraft:carrots":6,"iter_rpg:small_vase":12,"luphieclutteredmod:luphie_yellow_cabinet":3,"iter_rpg:void_quartz":4,"minecraft:andesite":16,"treechop:chopped_log":62,"minecraft:peony":11,"minecraft:bookshelf":88,"minecraft:deepslate_iron_ore":94,"minecraft:rail":1,"minecraft:stone":1663,"minecraft:white_wool":1,"farmersdelight:cooking_pot":5,"connectedglass:borderless_glass_red":10,"born_in_chaos_v1:marigolds":2,"minecraft:dandelion":49,"galosphere:deepslate_silver_ore":49,"minecraft:polished_granite":1,"epicsamurai:deepslate_aquamarine_ore":11,"minecraft:crafting_table":9,"autumnity:autumn_crocus":2,"autumnity:maple_planks":13,"minecraft:cornflower":3,"iter_rpg:vase":8,"autumnity:maple_fence":2,"minecraft:sculk_sensor":2,"minecraft:copper_ore":2,"minecraft:tall_grass":61,"iter_rpg:frosty_grass":3,"minecraft:deepslate_gold_ore":32,"minecraft:diorite":119,"delightful:wild_salmonberries":8,"minecraft:spruce_stairs":2,"minecraft:red_terracotta":9,"farmersdelight:skillet":1,"upgrade_aquatic:glass_door":8,"storagedrawers:oak_half_drawers_1":4,"iter_rpg:deepslate_ametrine_ore":8,"minecraft:gray_bed":7,"minecraft:spruce_log":3,"autumnity:tall_foul_berry_bush":2,"minecraft:coal_ore":177,"iter_rpg:spider_egg":2,"minecraft:gravel":6,"minecraft:terracotta":2,"minecraft:polished_andesite":5,"minecraft:stripped_acacia_wood":2,"minecraft:stone_bricks":263,"epicsamurai:ruby_ore":3},"minecraft:picked_up":{"rottencreatures:frozen_rotten_flesh":4,"minecraft:iron_chestplate":1,"minecraft:wheat":78,"autumnity:maple_log":47,"minecraft:lead":13,"minecraft:enchanted_book":27,"bakery:strawberry_seeds":26,"minecraft:brewing_stand":1,"minecraft:golden_sword":1,"minecraft:string":39,"minecraft:raw_copper":21,"create:limestone":288,"minecraft:zombie_head":1,"minecraft:beetroot":85,"minecraft:spruce_planks":22,"farmersdelight:cabbage":8,"minecraft:tnt_minecart":2,"autumnity:foul_berries":4,"minecraft:cobbled_deepslate":118,"bosses_of_mass_destruction:soul_star":1,"minecraft:bucket":1,"delightful:acorn":29,"celestisynth:lunar_stone":1,"minecraft:red_dye":1,"minecraft:rose_bush":1,"minecraft:calcite":256,"minecraft:iron_pickaxe":2,"quark:ancient_planks_stairs":35,"farmersdelight:cabbage_seeds":19,"minecraft:furnace":6,"minecraft:golden_helmet":1,"minecraft:tipped_arrow":1,"minecraft:stick":83,"born_in_chaos_v1:shattered_skull":2,"autumnity:maple_planks":25,"ecologics:walnut_log":3,"minecraft:torch":91,"minecraft:spruce_stairs":2,"quark:blossom_log":59,"minecraft:diorite":119,"minecraft:golden_chestplate":1,"minecraft:cauldron":1,"quark:blossom_planks":89,"iter_rpg:voidquartz_shard":15,"minecraft:stone_sword":1,"quark:clear_shard":11,"minecraft:rotten_flesh":52,"farmersdelight:onion":42,"quark:calcite_bricks":14,"create:ochrum":1,"create:asurine":8,"minecraft:carved_pumpkin":1,"minecraft:cyan_terracotta":1,"quark:ancient_planks":46,"create:veridium":1,"supplementaries:ash":2,"minecraft:obsidian":4,"minecraft:snowball":32,"minecraft:cobblestone":1710,"ecologics:walnut":8,"minecraft:magma_block":1,"minecraft:leather_chestplate":1,"minecraft:feather":14,"minecraft:andesite":16,"quark:polished_calcite":11,"minecraft:golden_leggings":1,"alexsmobs:bear_fur":4,"farmersdelight:bacon":2,"minecraft:tuff":1,"create:raw_zinc":6,"quark:blossom_fence":4,"minecraft:lapis_lazuli":15,"farmersdelight:tomato":16,"minecraft:dirt":3316,"minecraft:polished_granite":1,"minecraft:leather_boots":1,"born_in_chaos_v1:marigolds":2,"minecraft:bone":62,"autumnity:autumn_crocus":6,"delightful:mini_melon":38,"minecraft:wheat_seeds":392,"minecraft:raw_gold":33,"galosphere:raw_silver":49,"minecraft:oak_planks":227,"aquaculture:jellyfish":2,"quark:shale":6,"minecraft:sand":571,"minecraft:granite_slab":2,"autumnity:yellow_maple_sapling":4,"minecraft:polished_andesite":13,"create:crimsite":1,"minecraft:deepslate":1,"minecraft:diamond":12,"autumnity:maple_sapling":12,"minecraft:crossbow":1,"luphieclutteredmod:luphie_yellow_mini_cabinet":2,"iter_rpg:void_quartz_block":6,"minecraft:bread":6,"minecraft:emerald":3,"epicsamurai:ruby":15,"minecraft:oak_sapling":179,"minecraft:bricks":1,"minecraft:charcoal":16,"majruszsdifficulty:tattered_boots":1,"minecraft:crafting_table":8,"born_in_chaos_v1:diamond_termite_shard":1,"minecraft:azure_bluet":11,"born_in_chaos_v1:river_mint":17,"minecraft:chicken":17,"minecraft:ladder":9,"minecraft:clay_ball":32,"minecraft:leather_leggings":2,"quark:ancient_sapling":57,"minecraft:shield":2,"minecraft:brick":7,"minecraft:cornflower":6,"minecraft:iron_axe":5,"epicsamurai:jade":15,"minecraft:iron_shovel":3,"ecologics:walnut_sapling":4,"storagedrawers:oak_half_drawers_1":4,"supplementaries:bomb":1,"iter_rpg:ametrine_shard":26,"minecraft:beef":39,"minecraft:player_head":1,"minecraft:oak_boat":3,"minecraft:iron_nugget":1,"minecraft:poppy":43,"quark:yellow_blossom_sapling":4,"crittersandcompanions:clam":1,"minecraft:birch_sapling":3,"quark:ancient_planks_slab":13,"minecraft:egg":199,"minecraft:raw_iron":158,"minecraft:stone":2,"minecraft:copper_ingot":1,"minecraft:music_disc_mellohi":1,"minecraft:fire_charge":1,"born_in_chaos_v1:pieceofdarkmetal":6,"minecraft:carrot":85,"minecraft:prismarine_crystals":16,"minecraft:arrow":51,"minecraft:beetroot_seeds":268,"minecraft:peony":11,"minecraft:hay_block":33,"minecraft:saddle":2,"autumnity:snail_goo":2,"minecraft:mutton":14,"minecraft:white_wool":27,"minecraft:skeleton_skull":3,"minecraft:bone_block":27,"minecraft:rail":1,"minecraft:oxeye_daisy":11,"born_in_chaos_v1:fused_bone":1,"born_in_chaos_v1:corpse_maggot":23,"autumnity:red_maple_sapling":22,"table_top_craft:chess_piece_figure":2,"minecraft:leather":13,"majruszsdifficulty:cloth":4,"quark:diorite_bricks":36,"minecraft:oak_log":233,"naturalist:cooked_egg":137,"minecraft:golden_boots":2,"minecraft:gunpowder":9,"farmersdelight:skillet":1,"galosphere:lumiere_shard":2,"quark:forgotten_hat":1,"minecraft:apple":18,"minecraft:stone_bricks":253,"farmersdelight:cooking_pot":5,"alexsmobs:cockroach_wing_fragment":1,"iter_rpg:potsherd":1,"minecraft:iron_ingot":59,"artifacts:kitty_slippers":1,"aquaculture:minnow":4,"storagedrawers:oak_full_drawers_1":3,"epicsamurai:aquamarine":11,"minecraft:gray_bed":11,"minecraft:music_disc_chirp":2,"minecraft:book":253,"epicsamurai:onyx":4,"quark:ancient_fruit":15,"bakery:strawberry":22,"minecraft:red_wool":3,"minecraft:dandelion":75,"minecraft:raw_iron_block":2,"iter_rpg:frosty_grass":5,"minecraft:gravel":6,"minecraft:amethyst_shard":3,"minecraft:spruce_sapling":11,"delightful:salmonberries":8,"minecraft:spruce_log":23,"minecraft:spider_eye":11,"minecraft:leather_helmet":1,"alexsmobs:raw_catfish":3,"autumnity:maple_fence":2,"minecraft:slime_ball":6,"minecraft:polished_diorite":5,"environmental:cattail":18,"minecraft:gray_wool":1,"quark:ancient_log":260,"minecraft:terracotta":2,"luphieclutteredmod:luphie_yellow_cabinet":3,"minecraft:coal":201},"minecraft:killed_by":{"minecraft:pillager":3,"quark:forgotten":1,"born_in_chaos_v1:corpse_fly":1,"minecraft:vindicator":11,"born_in_chaos_v1:siamese_skeletons":1,"minecraft:vex":2,"minecraft:player":2,"minecraft:stray":1,"mutantmonsters:mutant_skeleton":4,"minecraft:skeleton":2},"minecraft:broken":{"minecraft:iron_shovel":12,"minecraft:iron_boots":1,"minecraft:stone_pickaxe":1,"minecraft:wooden_sword":1,"quark:forgotten_hat":1,"minecraft:iron_axe":4,"minecraft:iron_pickaxe":11},"minecraft:crafted":{"minecraft:brick":19,"minecraft:oak_planks":780,"connectedglass:borderless_glass_red":224,"minecraft:melon_slice":111,"connectedglass:clear_glass":28,"ecologics:walnut_planks":12,"minecraft:stone":994,"upgrade_aquatic:glass_door":15,"minecraft:bookshelf":30,"connectedglass:borderless_glass":508,"minecraft:cooked_mutton":18,"minecraft:glass":572,"minecraft:diamond_helmet":1,"minecraft:diamond_leggings":1,"minecraft:iron_boots":1,"minecraft:chest":12,"autumnity:maple_planks":188,"galosphere:silver_ingot":34,"minecraft:bricks":4,"minecraft:oak_fence":27,"minecraft:stone_bricks":980,"farmersdelight:stove":1,"minecraft:glass_bottle":3,"minecraft:oak_slab":6,"minecraft:deepslate":21,"quark:blossom_planks":184,"minecraft:cooked_porkchop":6,"minecraft:diamond_axe":1,"minecraft:crafting_table":19,"minecraft:spruce_planks":84,"minecraft:wooden_pickaxe":1,"minecraft:iron_helmet":1,"farmersdelight:egg_sandwich":54,"storagedrawers:oak_full_drawers_1":1,"quark:ancient_planks_slab":270,"autumnity:maple_pressure_plate":4,"autumnity:maple_fence":51,"minecraft:copper_ingot":21,"minecraft:campfire":2,"farmersdelight:skillet":1,"luphieclutteredmod:luphie_yellow_glass_cabinet":2,"farmersdelight:beef_patty":3,"minecraft:iron_chestplate":2,"minecraft:yellow_dye":30,"minecraft:shield":1,"minecraft:stick":356,"minecraft:iron_ingot":122,"minecraft:iron_pickaxe":12,"minecraft:iron_block":3,"minecraft:gold_ingot":33,"quark:ancient_planks":756,"minecraft:wooden_sword":2,"quark:ancient_planks_stairs":232,"luphieclutteredmod:luphie_yellow_shelf_cabinet":1,"minecraft:raw_iron":9,"minecraft:spyglass":1,"minecraft:furnace":4,"minecraft:bone_meal":39,"woodworks:spruce_chest":2,"storagedrawers:oak_half_drawers_1":1,"minecraft:glass_pane":16,"quark:diorite_bricks":36,"minecraft:polished_diorite":60,"quark:blossom_fence":42,"minecraft:iron_axe":10,"minecraft:ladder":92,"minecraft:iron_hoe":1,"minecraft:stone_pickaxe":1,"minecraft:diamond_boots":1,"quark:ancient_sign":6,"minecraft:lead":2,"minecraft:wheat":289,"minecraft:cooked_beef":32,"minecraft:red_dye":43,"minecraft:diamond_sword":1,"minecraft:enchanting_table":1,"quark:calcite_bricks":148,"minecraft:bucket":3,"quark:polished_calcite":220,"luphieclutteredmod:luphie_yellow_mini_cabinet":2,"minecraft:bread":110,"minecraft:air":0,"woodworks:oak_chest":14,"minecraft:oak_fence_gate":1,"minecraft:oak_boat":2,"connectedglass:clear_glass_red":40,"minecraft:wooden_axe":1,"minecraft:iron_shovel":17,"minecraft:anvil":1,"luphieclutteredmod:luphie_yellow_cabinet":9,"minecraft:torch":372,"minecraft:diamond_chestplate":2}},"DataVersion":3120}