{"stats":{"minecraft:broken":{"minecraft:iron_boots":1,"minecraft:wooden_sword":1,"quark:forgotten_hat":1,"minecraft:iron_axe":4,"minecraft:iron_pickaxe":11,"minecraft:iron_shovel":12,"minecraft:stone_pickaxe":1},"minecraft:killed":{"minecraft:cave_spider":10,"aquaculture:red_grouper":1,"born_in_chaos_v1:restless_spirit":5,"born_in_chaos_v1:zombie_lumberjack":3,"born_in_chaos_v1:door_knight_not_despawn":2,"born_in_chaos_v1:siamese_skeletonsright":2,"dungeons_mobs:mage":1,"minecraft:skeleton":91,"minecraft:chicken":22,"ecologics:coconut_crab":2,"naturalist:dragonfly":1,"alexsmobs:seal":1,"rottencreatures:frostbitten":2,"majruszsdifficulty:tank":1,"dungeons_mobs:wraith":6,"minecraft:pillager":20,"minecraft:zombie":83,"cataclysm:deepling":1,"born_in_chaos_v1:corpse_fly":17,"minecraft:cow":27,"minecraft:vindicator":3,"born_in_chaos_v1:skeleton_thrasher_not_despawn":1,"dungeons_mobs:mage_clone":1,"rottencreatures:undead_miner":2,"iter_rpg:water_elemental":3,"minecraft:husk":5,"majruszsdifficulty:cursed_armor":1,"iter_rpg:blob":1,"born_in_chaos_v1:decrepit_skeleton":19,"alexsmobs:catfish":1,"born_in_chaos_v1:bloody_gadfly":3,"mutantmonsters:creeper_minion":6,"iter_rpg:goblin_warrior":2,"dungeons_mobs:quick_growing_vine":6,"minecraft:spider":53,"quark:forgotten":2,"creeperoverhaul:bamboo_creeper":1,"minecraft:silverfish":26,"minecraft:illusioner":1,"minecraft:piglin_brute":26,"born_in_chaos_v1:firelight_not_despawn":2,"artifacts:mimic":1,"minecraft:piglin":14,"minecraft:pig":2,"alexsmobs:grizzly_bear":5,"minecraft:zombie_villager":10,"born_in_chaos_v1:diamond_termite":1,"iter_rpg:spiderling":19,"minecraft:creeper":15,"dungeons_mobs:jungle_zombie":5,"minecraft:sheep":18,"minecraft:trader_llama":2,"born_in_chaos_v1:zombie_fisherman":1,"minecraft:stray":6,"dungeons_mobs:poison_quill_vine":1,"born_in_chaos_v1:siamese_skeletonsleft":2,"crittersandcompanions:dumbo_octopus":1,"minecraft:vex":3,"born_in_chaos_v1:missioner":1,"endermanoverhaul:flower_fields_enderman":2,"dungeons_mobs:mossy_skeleton":1,"born_in_chaos_v1:zombie_clown_not_despawn":1,"born_in_chaos_v1:zombie_bruiser":3,"born_in_chaos_v1:maggot":41,"minecraft:phantom":3,"autumnity:snail":1,"cataclysm:lionfish":2,"minecraft:drowned":7,"crittersandcompanions:otter":2,"alexsmobs:flying_fish":6,"born_in_chaos_v1:baby_skeleton":6,"born_in_chaos_v1:swarmer":3,"naturalist:butterfly":3,"dungeons_mobs:whisperer":1,"alexsmobs:cockroach":3,"ecologics:squirrel":1,"dungeons_mobs:sunken_skeleton":10,"dungeons_mobs:necromancer":2,"iter_rpg:scallop":2,"mutantmonsters:mutant_zombie":1},"minecraft:picked_up":{"minecraft:seagrass":1,"minecraft:iron_chestplate":1,"minecraft:prismarine_shard":7,"minecraft:lead":21,"minecraft:diamond_sword":1,"minecraft:enchanted_book":28,"supplementaries:candle_holder_red":1,"minecraft:brewing_stand":1,"minecraft:golden_sword":1,"minecraft:string":121,"create:limestone":288,"woodworks:oak_chest":1,"minecraft:beetroot":85,"autumnity:foul_berries":4,"minecraft:cobbled_deepslate":123,"bosses_of_mass_destruction:soul_star":4,"born_in_chaos_v1:charmof_power":1,"minecraft:spruce_planks":24,"celestisynth:lunar_stone":1,"minecraft:written_book":4,"minecraft:coal_block":3,"minecraft:golden_helmet":2,"atmospheric:rosewood_sapling":2,"born_in_chaos_v1:shattered_skull":6,"autumnity:maple_planks":25,"minecraft:big_dripleaf":2,"minecraft:acacia_log":6,"quark:blossom_log":59,"minecraft:golden_chestplate":1,"minecraft:cauldron":1,"minecraft:brown_carpet":2,"iter_rpg:voidquartz_shard":15,"minecraft:stone_sword":1,"quark:clear_shard":11,"farmersdelight:onion":42,"quark:calcite_bricks":15,"create:ochrum":1,"minecraft:carved_pumpkin":1,"minecraft:cyan_terracotta":1,"quark:ancient_planks":55,"minecraft:end_rod":2,"minecraft:white_terracotta":3,"supplementaries:ash":16,"majruszsdifficulty:undead_army_treasure_bag":1,"minecraft:blaze_rod":3,"minecraft:iron_bars":9,"minecraft:snowball":32,"alexsmobs:flying_fish":8,"minecraft:magma_block":1,"minecraft:feather":21,"minecraft:cooked_beef":30,"atmospheric:laurel_log":21,"farmersdelight:bacon":2,"minecraft:flint":2,"born_in_chaos_v1:black_argillite_button":3,"farmersdelight:tomato":23,"lootr:trophy":2,"born_in_chaos_v1:marigolds":2,"delightful:mini_melon":38,"iter_rpg:water_fragment":3,"galosphere:raw_silver":49,"aquaculture:jellyfish":2,"minecraft:granite_slab":2,"minecraft:loom":1,"minecraft:red_terracotta":6,"autumnity:yellow_maple_sapling":4,"cataclysm:lionfish":2,"minecraft:polished_andesite":13,"create:crimsite":1,"minecraft:deepslate":1,"autumnity:maple_sapling":12,"minecraft:bread":6,"epicsamurai:ruby":15,"minecraft:bricks":1,"minecraft:mud":1,"minecraft:crafting_table":8,"minecraft:coarse_dirt":14,"minecraft:clay_ball":32,"minecraft:leather_leggings":6,"friendsandfoes:totem_of_illusion":1,"ecologics:seashell":1,"quark:ancient_sapling":104,"minecraft:cornflower":7,"dungeons_mobs:mage_leggings":1,"born_in_chaos_v1:intoxicating_decoction":1,"epicsamurai:jade":19,"minecraft:iron_shovel":3,"supplementaries:bomb":1,"minecraft:cracked_stone_bricks":1,"iter_rpg:ametrine_shard":26,"iter_rpg:coin":2,"minecraft:beef":39,"minecraft:iron_nugget":1,"minecraft:poppy":43,"minecraft:spruce_slab":2,"quark:yellow_blossom_sapling":4,"minecraft:birch_sapling":3,"weavers_cosmetics:prismarine_gear_helmet":1,"minecraft:egg":268,"minecraft:sandstone":5,"minecraft:stone":2,"minecraft:music_disc_mellohi":1,"minecraft:fire_charge":5,"farmersdelight:tomato_seeds":1,"quark:slime_in_a_bucket":1,"born_in_chaos_v1:pieceofdarkmetal":19,"minecraft:carrot":90,"minecraft:redstone":4,"atmospheric:rosewood_log":16,"minecraft:prismarine_crystals":18,"minecraft:diamond_chestplate":1,"minecraft:beetroot_seeds":268,"minecraft:peony":11,"minecraft:hay_block":95,"majruszsdifficulty:soul_jar":1,"minecraft:gold_ingot":11,"minecraft:mutton":14,"minecraft:white_wool":41,"minecraft:bone_block":27,"minecraft:rail":1,"minecraft:oxeye_daisy":12,"majruszsdifficulty:tattered_helmet":1,"majruszsdifficulty:cloth":35,"minecraft:filled_map":3,"minecraft:oak_log":268,"minecraft:golden_boots":2,"naturalist:cooked_egg":245,"farmersdelight:skillet":1,"minecraft:apple":20,"minecraft:stone_bricks":258,"farmersdelight:cooking_pot":5,"minecraft:kelp":263,"alexsmobs:cockroach_wing_fragment":1,"create:cut_deepslate":1,"epicsamurai:aquamarine":11,"minecraft:gray_bed":11,"minecraft:dark_oak_stairs":1,"quark:stick_block":1,"create:tuff_pillar":1,"minecraft:sweet_berries":2,"dungeons_mobs:mage_boots":1,"minecraft:red_wool":3,"born_in_chaos_v1:ethereal_spirit":9,"iter_rpg:frosty_grass":5,"minecraft:gravel":6,"aquaculture:red_grouper":1,"minecraft:spruce_sapling":11,"delightful:salmonberries":30,"minecraft:spruce_log":23,"minecraft:leather_helmet":2,"supplementaries:flax_block":1,"autumnity:maple_fence":2,"minecraft:slime_ball":6,"minecraft:polished_diorite":5,"create:rose_quartz":9,"minecraft:gray_wool":1,"quark:ancient_log":409,"minecraft:ender_pearl":6,"rottencreatures:frozen_rotten_flesh":4,"minecraft:wheat":104,"autumnity:maple_log":47,"atmospheric:aspen_sapling":1,"minecraft:potion":2,"bakery:strawberry_seeds":26,"minecraft:stone_brick_stairs":1,"simplehats:fishonhead":1,"born_in_chaos_v1:black_argillite":4,"minecraft:raw_copper":21,"minecraft:sticky_piston":8,"minecraft:zombie_head":1,"minecraft:tnt_minecart":2,"minecraft:smooth_stone":1,"minecraft:bucket":2,"farmersdelight:cabbage":8,"delightful:acorn":34,"minecraft:red_dye":1,"minecraft:redstone_torch":5,"minecraft:rose_bush":1,"minecraft:calcite":256,"minecraft:iron_pickaxe":2,"quark:ancient_planks_stairs":35,"farmersdelight:cabbage_seeds":19,"minecraft:furnace":6,"minecraft:tipped_arrow":7,"minecraft:stick":105,"ecologics:walnut_log":3,"minecraft:torch":93,"ecologics:coconut_seedling":15,"minecraft:spruce_stairs":2,"minecraft:diorite":119,"minecraft:vine":18,"quark:blossom_planks":89,"mutantmonsters:hulk_hammer":1,"minecraft:rotten_flesh":237,"ecologics:coconut_log":21,"create:asurine":8,"autumnity:turkey_egg":5,"create:veridium":1,"create:red_seat":10,"minecraft:obsidian":42,"minecraft:cobblestone":1835,"ecologics:walnut":8,"minecraft:leather_chestplate":1,"minecraft:repeater":8,"aquaculture:tuna":1,"minecraft:andesite":24,"quark:polished_calcite":11,"minecraft:golden_leggings":1,"supplementaries:item_shelf":1,"alexsmobs:bear_fur":9,"minecraft:tuff":1,"create:raw_zinc":6,"minecraft:prismarine_bricks":32,"quark:blossom_fence":4,"minecraft:lapis_lazuli":15,"minecraft:dirt":3587,"minecraft:polished_granite":1,"minecraft:leather_boots":1,"minecraft:bone":268,"autumnity:autumn_crocus":6,"minecraft:wheat_seeds":455,"iter_rpg:reef_stone":3,"minecraft:raw_gold":33,"minecraft:bamboo":2,"minecraft:oak_planks":321,"iter_rpg:seashell":7,"minecraft:cooked_porkchop":9,"quark:shale":6,"minecraft:sand":927,"minecraft:jungle_planks":2,"minecraft:mossy_cobblestone":8,"minecraft:dark_prismarine":32,"artifacts:golden_hook":1,"born_in_chaos_v1:fire_dust":11,"minecraft:diamond":37,"waystones:waystone":1,"minecraft:crossbow":4,"luphieclutteredmod:luphie_yellow_mini_cabinet":2,"minecraft:bone_meal":2,"iter_rpg:void_quartz_block":6,"alexsmobs:moose_ribs":1,"minecraft:spruce_sign":1,"minecraft:emerald":24,"minecraft:oak_sapling":201,"iter_rpg:spawner_fragment":8,"majruszsdifficulty:tattered_boots":1,"minecraft:charcoal":16,"born_in_chaos_v1:diamond_termite_shard":1,"minecraft:allium":4,"minecraft:azure_bluet":11,"born_in_chaos_v1:river_mint":17,"minecraft:chicken":17,"minecraft:ladder":9,"iter_rpg:whetstone":3,"minecraft:gold_block":1,"minecraft:chain":1,"minecraft:brick":7,"minecraft:shield":2,"minecraft:iron_axe":5,"quark:bonded_leather":1,"minecraft:cyan_carpet":3,"ecologics:walnut_sapling":4,"storagedrawers:oak_half_drawers_1":4,"minecraft:oak_boat":4,"minecraft:player_head":5,"supplementaries:cage":1,"quark:ancient_planks_slab":14,"crittersandcompanions:clam":5,"minecraft:phantom_membrane":3,"minecraft:raw_iron":159,"ecologics:coconut_slice":10,"minecraft:copper_ingot":1,"aquaculture:perch":5,"dungeons_mobs:mage_helmet":1,"supplementaries:key":1,"minecraft:dark_oak_planks":2,"minecraft:arrow":220,"create:experience_nugget":1,"minecraft:saddle":2,"autumnity:snail_goo":3,"minecraft:skeleton_skull":3,"born_in_chaos_v1:fused_bone":3,"supplementaries:trapped_present_orange":1,"born_in_chaos_v1:corpse_maggot":47,"autumnity:red_maple_sapling":22,"supplementaries:blackstone_lamp":1,"table_top_craft:chess_piece_figure":4,"minecraft:leather":34,"minecraft:birch_planks":2,"minecraft:ice":1,"quark:diorite_bricks":36,"dungeons_mobs:mage_chestplate":1,"atmospheric:dry_laurel_sapling":12,"minecraft:gunpowder":42,"create:item_vault":3,"galosphere:lumiere_shard":2,"quark:forgotten_hat":1,"minecraft:cooked_mutton":22,"iter_rpg:potsherd":1,"minecraft:iron_ingot":116,"minecraft:cooked_chicken":11,"born_in_chaos_v1:chipped_black_argillite_brick":2,"artifacts:kitty_slippers":1,"aquaculture:minnow":4,"ecologics:crab_meat":1,"storagedrawers:oak_full_drawers_1":3,"iter_rpg:deepslate_geode":2,"minecraft:music_disc_chirp":2,"create:black_seat":5,"minecraft:book":256,"epicsamurai:onyx":4,"quark:ancient_fruit":26,"bakery:strawberry":22,"minecraft:chiseled_stone_bricks":3,"quark:glass_item_frame":1,"minecraft:dandelion":75,"minecraft:raw_iron_block":2,"minecraft:amethyst_shard":3,"minecraft:green_carpet":6,"minecraft:spider_eye":83,"alexsmobs:raw_catfish":3,"environmental:cattail":18,"create:encased_fan":5,"minecraft:terracotta":2,"luphieclutteredmod:luphie_yellow_cabinet":3,"majruszsdifficulty:tattered_chestplate":1,"minecraft:coal":207},"minecraft:custom":{"minecraft:interact_with_crafting_table":255,"minecraft:open_barrel":53,"minecraft:bell_ring":2,"minecraft:eat_cake_slice":4,"minecraft:leave_game":41,"minecraft:time_since_death":38723,"minecraft:damage_blocked_by_shield":140,"minecraft:play_time":1632185,"minecraft:deaths":32,"minecraft:jump":21555,"minecraft:enchant_item":18,"minecraft:interact_with_furnace":237,"minecraft:traded_with_villager":2,"minecraft:interact_with_cartography_table":2,"minecraft:sleep_in_bed":68,"minecraft:waystone_activated":12,"minecraft:damage_dealt":111322,"minecraft:interact_with_smoker":11,"minecraft:inspect_dispenser":7,"minecraft:horse_one_cm":51678,"minecraft:inspect_dropper":5,"minecraft:interact_with_anvil":22,"minecraft:inspect_hopper":1,"minecraft:sneak_time":17494,"minecraft:interact_with_lectern":3,"minecraft:interact_with_blast_furnace":3,"minecraft:total_world_time":1632185,"enigmaticlegacy:play_time_without_seven_curses":1626235,"minecraft:time_since_rest":38836,"minecraft:swim_one_cm":528709,"minecraft:fly_one_cm":4410995,"minecraft:open_chest":453,"minecraft:fall_one_cm":528479,"enigmaticlegacy:play_time_with_seven_curses":0,"lootr:looted_stat":238,"minecraft:animals_bred":29,"minecraft:damage_resisted":19,"minecraft:sprint_one_cm":5935608,"minecraft:drop":558,"minecraft:talked_to_villager":18,"minecraft:interact_with_brewingstand":6,"minecraft:walk_on_water_one_cm":175716,"minecraft:interact_with_loom":1,"minecraft:player_kills":5,"minecraft:crouch_one_cm":57791,"minecraft:mob_kills":713,"minecraft:damage_dealt_resisted":3028,"minecraft:climb_one_cm":173443,"minecraft:walk_one_cm":3731974,"minecraft:walk_under_water_one_cm":190377,"minecraft:boat_one_cm":9754,"minecraft:raid_trigger":1,"minecraft:damage_taken":28966,"minecraft:trigger_trapped_chest":4},"minecraft:used":{"farmersdelight:cabbage_seeds":21,"minecraft:ladder":81,"minecraft:stone":10,"lootr:trophy":2,"luphieclutteredmod:luphie_yellow_cabinet":8,"luphieclutteredmod:luphie_yellow_mini_cabinet":4,"unusualfishmod:eyelash_fish_bucket":1,"minecraft:lava_bucket":20,"friendsandfoes:totem_of_illusion":1,"aquaculture:perch_bucket":3,"minecraft:bow":180,"minecraft:oak_sapling":26,"mutantmonsters:hulk_hammer":2,"minecraft:furnace":10,"autumnity:red_maple_sapling":6,"minecraft:egg":5,"autumnity:maple_fence":31,"minecraft:diorite":2,"quark:polished_calcite":81,"minecraft:wooden_pickaxe":18,"minecraft:diamond_sword":927,"minecraft:wooden_sword":80,"minecraft:oak_boat":7,"create:limestone":266,"minecraft:enchanting_table":1,"alexsmobs:flying_fish_bucket":1,"woodworks:spruce_chest":2,"minecraft:stick":3,"minecraft:torch":469,"minecraft:brewing_stand":1,"minecraft:anvil":1,"quark:yellow_blossom_sapling":4,"luphieclutteredmod:luphie_yellow_shelf_cabinet":1,"minecraft:oak_fence_gate":1,"minecraft:polished_diorite":29,"farmersdelight:beef_patty":3,"minecraft:iron_axe":1976,"atmospheric:rosewood_planks":8,"autumnity:maple_pressure_plate":4,"minecraft:melon_seeds":6,"farmersdelight:cooking_pot":6,"quark:blossom_planks":212,"farmersdelight:tomato_seeds":5,"minecraft:cobbled_deepslate":19,"unusualprehistory:tar_bucket":1,"minecraft:calcite":1,"quark:blossom_log":13,"minecraft:wheat_seeds":59,"luphieclutteredmod:luphie_yellow_glass_cabinet":2,"upgrade_aquatic:glass_door":14,"minecraft:water_bucket":248,"minecraft:bundle":3,"supplementaries:blackstone_lamp":1,"minecraft:crafting_table":29,"supplementaries:bomb":1,"minecraft:campfire":1,"quark:glass_item_frame":1,"minecraft:oak_log":3,"aquaculture:catfish_bucket":2,"minecraft:diamond_pickaxe":633,"majruszsdifficulty:undead_army_treasure_bag":1,"minecraft:diamond_shovel":712,"quark:ancient_planks_slab":236,"minecraft:iron_pickaxe":2963,"minecraft:enchanted_book":2,"connectedglass:clear_glass_red":32,"minecraft:cobblestone":716,"farmersdelight:egg_sandwich":94,"minecraft:porkchop":3,"minecraft:cooked_porkchop":15,"quark:ancient_sapling":26,"minecraft:iron_shovel":4030,"minecraft:shield":3,"farmersdelight:stove":1,"alexsmobs:medium_catfish_bucket":1,"quark:ancient_log":26,"galosphere:spectre_flare":1,"minecraft:carrot":26,"minecraft:glass":3,"aquaculture:muskellunge_bucket":2,"born_in_chaos_v1:corpse_maggot":3,"autumnity:maple_planks":69,"aquaculture:bluegill_bucket":4,"supplementaries:goblet":3,"minecraft:stone_bricks":1207,"minecraft:written_book":6,"minecraft:gray_bed":7,"aquaculture:smallmouth_bass_bucket":1,"table_top_craft:chess_piece_figure":6,"minecraft:stone_pickaxe":129,"naturalist:cooked_egg":9,"minecraft:oak_planks":396,"minecraft:diamond_axe":298,"minecraft:white_wool":1,"minecraft:crossbow":13,"aquaculture:jellyfish_bucket":1,"aquaculture:brown_trout_bucket":1,"minecraft:melon_slice":99,"minecraft:bread":109,"minecraft:deepslate":13,"quark:blossom_fence":43,"connectedglass:borderless_glass_red":188,"aquaculture:gar_bucket":1,"minecraft:andesite":7,"minecraft:bone_meal":39,"minecraft:experience_bottle":9,"minecraft:oak_fence":13,"storagedrawers:oak_full_drawers_1":4,"create:item_vault":3,"quark:calcite_bricks":135,"woodworks:oak_chest":17,"minecraft:spruce_planks":47,"minecraft:spyglass":7,"minecraft:dirt":1129,"aquaculture:minnow_bucket":3,"minecraft:iron_hoe":128,"blue_skies:zeal_lighter":1,"minecraft:wooden_axe":40,"minecraft:bookshelf":30,"create:black_seat":5,"quark:ancient_planks_stairs":249,"connectedglass:borderless_glass":264,"aquaculture:tuna_bucket":2,"bakery:strawberry_seeds":18,"minecraft:cooked_beef":60,"minecraft:cooked_mutton":34,"quark:ancient_sign":6,"farmersdelight:skillet":2,"quark:ancient_planks":287,"create:red_seat":10,"farmersdelight:onion":21,"connectedglass:clear_glass":15,"aquaculture:carp_bucket":1,"delightful:mini_melon":1,"storagedrawers:oak_half_drawers_1":5,"supplementaries:cage":4,"quark:diorite_bricks":60,"minecraft:bucket":307},"minecraft:mined":{"minecraft:dark_oak_planks":2,"quark:diorite_bricks":36,"minecraft:jungle_leaves":1,"minecraft:obsidian":27,"minecraft:carved_pumpkin":1,"minecraft:granite":1,"born_in_chaos_v1:dark_metal_deposit":2,"create:black_seat":5,"create:item_vault":3,"minecraft:oxeye_daisy":10,"minecraft:chiseled_stone_bricks":3,"minecraft:spawner":36,"minecraft:tall_seagrass":3,"epicsamurai:deepslate_jade_ore":17,"minecraft:magma_block":1,"minecraft:cobbled_deepslate":3,"minecraft:sticky_piston":4,"minecraft:fire":4,"quark:calcite_bricks":15,"minecraft:deepslate_lapis_ore":3,"minecraft:granite_slab":1,"minecraft:sculk_shrieker":15,"minecraft:water_cauldron":1,"bakery:strawberry_taiga":2,"minecraft:cave_vines":1,"minecraft:dirt_path":24,"create:red_seat":10,"minecraft:green_carpet":6,"autumnity:red_maple_sapling":2,"create:veridium":2,"minecraft:player_head":4,"create:limestone":290,"create:small_tuff_brick_wall":1,"quark:ancient_planks":54,"minecraft:kelp_plant":37,"atmospheric:flowering_morado_leaves":1,"born_in_chaos_v1:infected_deepslate_diamond_ore":1,"minecraft:torch":32,"quark:blossom_log":2,"farmersdelight:cabbages":2,"minecraft:glass":3,"minecraft:bricks":1,"minecraft:white_terracotta":3,"minecraft:repeater":5,"quark:blossom_fence":4,"ecologics:seashell":1,"minecraft:mud":1,"minecraft:wheat":33,"storagedrawers:oak_full_drawers_1":3,"quark:ancient_sapling":3,"create:cut_scorchia":1,"celestisynth:lunar_stone":1,"minecraft:stone_brick_stairs":1,"minecraft:grass":352,"delightful:mini_melon":42,"minecraft:loom":1,"environmental:dirt_path":2,"minecraft:red_mushroom_block":1,"minecraft:deepslate":96,"luphieclutteredmod:luphie_yellow_mini_cabinet":2,"table_top_craft:chess_piece_figure":2,"quark:ancient_log":2,"create:zinc_ore":4,"minecraft:mossy_cobblestone":12,"epicsamurai:deepslate_onyx_ore":4,"quark:shale":5,"create:brown_seat":1,"farmersdelight:wild_carrots":8,"minecraft:sea_lantern":6,"quark:chiseled_shale_bricks":1,"minecraft:dark_oak_fence":1,"connectedglass:clear_glass":1,"minecraft:jungle_planks":2,"born_in_chaos_v1:black_argillite":4,"minecraft:redstone_wire":6,"create:encased_fan":31,"atmospheric:agave":1,"minecraft:kelp":3,"farmersdelight:wild_onions":8,"iter_rpg:void_quartz":4,"minecraft:andesite":25,"minecraft:vine":1,"minecraft:rail":1,"minecraft:white_wool":1,"connectedglass:borderless_glass_red":10,"minecraft:brown_carpet":2,"minecraft:dandelion":49,"galosphere:deepslate_silver_ore":49,"minecraft:cornflower":3,"iter_rpg:vase":8,"autumnity:maple_fence":2,"create:cut_deepslate":1,"minecraft:copper_ore":2,"minecraft:tall_grass":63,"iter_rpg:frosty_grass":3,"minecraft:deepslate_gold_ore":32,"minecraft:diorite":119,"minecraft:red_terracotta":15,"farmersdelight:skillet":1,"minecraft:coarse_dirt":18,"create:gearbox":1,"minecraft:spruce_log":3,"autumnity:tall_foul_berry_bush":2,"minecraft:gravel":9,"supplementaries:blackstone_lamp":1,"minecraft:cobweb":4,"minecraft:stone_bricks":270,"atmospheric:golden_growths":1,"create:deepslate_zinc_ore":2,"minecraft:spruce_planks":28,"minecraft:stone_pressure_plate":1,"minecraft:farmland":4,"quark:yellow_blossom_leaves":1,"connectedglass:borderless_glass":6,"minecraft:sculk_vein":5,"minecraft:cobblestone_stairs":1,"minecraft:brewing_stand":1,"quark:ancient_planks_slab":10,"minecraft:grass_block":2790,"minecraft:infested_cobblestone":24,"ecologics:coconut_leaves":1,"create:cut_scoria":1,"supplementaries:flax_block":1,"minecraft:polished_diorite":5,"atmospheric:crustose":3,"create:polished_cut_scoria_wall":1,"environmental:giant_tall_grass":5,"minecraft:smooth_stone":1,"minecraft:raw_iron_block":1,"supplementaries:ash":2,"minecraft:iron_ore":64,"quark:stick_block":1,"quark:polished_calcite":11,"quark:blossom_planks":96,"minecraft:azure_bluet":10,"minecraft:dark_oak_stairs":1,"create:asurine":4,"supplementaries:stick":2,"minecraft:iron_bars":9,"minecraft:spruce_slab":2,"minecraft:cyan_terracotta":1,"supplementaries:book_pile":1,"minecraft:clay":8,"quark:ancient_planks_stairs":36,"minecraft:calcite":257,"minecraft:poppy":43,"minecraft:mushroom_stem":4,"minecraft:cobblestone":114,"minecraft:oak_planks":229,"minecraft:wall_torch":20,"minecraft:deepslate_copper_ore":4,"minecraft:seagrass":3,"lootr:trophy":1,"minecraft:dark_oak_slab":1,"born_in_chaos_v1:river_mint":1,"minecraft:smooth_stone_slab":2,"minecraft:oak_log":3,"supplementaries:trapped_present_orange":1,"minecraft:sand":955,"minecraft:dirt":751,"galosphere:glinted_lumiere_cluster":1,"unusualprehistory:splattered_tar":1,"create:crimsite":1,"minecraft:oak_leaves":21,"infernalexp:buried_bone":3,"minecraft:tuff":7,"farmersdelight:onions":1,"minecraft:deepslate_diamond_ore":12,"born_in_chaos_v1:infected_diamond_ore":2,"minecraft:ladder":10,"epicsamurai:deepslate_ruby_ore":12,"iter_rpg:ametrine_ore":2,"iter_rpg:void_quartz_block":6,"create:ochrum":1,"minecraft:polished_andesite_slab":1,"minecraft:spruce_leaves":5,"iter_rpg:big_vase":2,"minecraft:sandstone":5,"minecraft:hay_block":89,"quark:bonded_leather":1,"minecraft:furnace":6,"minecraft:carrots":6,"iter_rpg:small_vase":12,"luphieclutteredmod:luphie_yellow_cabinet":3,"create:scorchia":1,"treechop:chopped_log":77,"minecraft:peony":11,"minecraft:gold_block":1,"minecraft:bookshelf":89,"minecraft:deepslate_iron_ore":94,"minecraft:stone":1682,"minecraft:redstone_wall_torch":2,"farmersdelight:cooking_pot":5,"minecraft:podzol":12,"born_in_chaos_v1:marigolds":2,"minecraft:polished_granite":1,"epicsamurai:deepslate_aquamarine_ore":11,"autumnity:autumn_crocus":2,"autumnity:maple_planks":13,"minecraft:crafting_table":9,"minecraft:sculk_sensor":3,"woodworks:oak_chest":1,"born_in_chaos_v1:chipped_black_argillite_brick":3,"create:cut_tuff_bricks":3,"delightful:wild_salmonberries":19,"supplementaries:cage":1,"minecraft:spruce_stairs":2,"minecraft:birch_planks":2,"upgrade_aquatic:glass_door":8,"storagedrawers:oak_half_drawers_1":4,"minecraft:redstone_torch":1,"iter_rpg:deepslate_ametrine_ore":8,"minecraft:gray_bed":7,"minecraft:coal_ore":177,"iter_rpg:spider_egg":2,"quark:monster_box":1,"minecraft:end_rod":1,"minecraft:cyan_carpet":3,"minecraft:cracked_stone_bricks":1,"minecraft:terracotta":2,"create:layered_tuff":3,"minecraft:stripped_acacia_wood":2,"minecraft:polished_andesite":5,"create:tuff_pillar":1,"minecraft:mossy_stone_bricks":3,"epicsamurai:ruby_ore":3},"minecraft:crafted":{"connectedglass:borderless_glass_red":224,"connectedglass:clear_glass":28,"minecraft:blaze_powder":4,"ecologics:walnut_planks":12,"upgrade_aquatic:glass_door":15,"minecraft:bookshelf":30,"connectedglass:borderless_glass":508,"minecraft:cooked_mutton":18,"minecraft:iron_bars":16,"minecraft:glass":572,"minecraft:diamond_helmet":1,"minecraft:diamond_leggings":1,"galosphere:silver_ingot":34,"minecraft:glass_bottle":3,"blue_skies:blue_journal":1,"minecraft:deepslate":21,"minecraft:cooked_porkchop":6,"minecraft:diamond_axe":1,"farmersdelight:egg_sandwich":117,"supplementaries:cage":2,"storagedrawers:oak_full_drawers_1":1,"minecraft:copper_ingot":21,"minecraft:hay_block":7,"minecraft:campfire":2,"farmersdelight:beef_patty":3,"minecraft:iron_pickaxe":12,"minecraft:iron_block":26,"minecraft:gold_ingot":33,"quark:ancient_planks":756,"quark:ancient_planks_stairs":232,"minecraft:spyglass":1,"minecraft:bone_meal":39,"woodworks:spruce_chest":2,"storagedrawers:oak_half_drawers_1":1,"quark:diorite_bricks":36,"minecraft:polished_diorite":60,"quark:blossom_fence":42,"minecraft:ladder":92,"minecraft:stone_pickaxe":1,"minecraft:diamond_boots":1,"minecraft:lead":2,"minecraft:wheat":459,"minecraft:enchanting_table":1,"quark:calcite_bricks":148,"quark:polished_calcite":220,"luphieclutteredmod:luphie_yellow_mini_cabinet":2,"minecraft:oak_fence_gate":1,"connectedglass:clear_glass_red":40,"minecraft:wooden_axe":1,"minecraft:iron_shovel":17,"minecraft:brick":19,"minecraft:oak_planks":920,"minecraft:melon_slice":111,"minecraft:stone":994,"minecraft:bow":1,"minecraft:iron_boots":1,"minecraft:chest":12,"autumnity:maple_planks":188,"minecraft:bricks":4,"minecraft:oak_fence":27,"minecraft:ender_eye":3,"minecraft:stone_bricks":980,"farmersdelight:stove":1,"minecraft:oak_slab":12,"quark:blossom_planks":184,"minecraft:crafting_table":21,"minecraft:spruce_planks":84,"minecraft:wooden_pickaxe":1,"minecraft:iron_helmet":1,"quark:ancient_planks_slab":276,"autumnity:maple_pressure_plate":4,"autumnity:maple_fence":51,"minecraft:gold_block":18,"farmersdelight:skillet":1,"luphieclutteredmod:luphie_yellow_glass_cabinet":2,"minecraft:iron_chestplate":2,"minecraft:yellow_dye":30,"minecraft:emerald_block":13,"minecraft:shield":1,"minecraft:stick":360,"minecraft:iron_ingot":140,"minecraft:wooden_sword":2,"minecraft:raw_iron":9,"luphieclutteredmod:luphie_yellow_shelf_cabinet":1,"minecraft:furnace":4,"blue_skies:zeal_lighter":1,"minecraft:diamond_block":7,"minecraft:glass_pane":16,"minecraft:iron_axe":10,"minecraft:iron_hoe":1,"quark:ancient_sign":6,"atmospheric:rosewood_planks":8,"minecraft:cooked_beef":32,"minecraft:red_dye":43,"minecraft:diamond_sword":1,"minecraft:bucket":3,"minecraft:bread":149,"minecraft:air":0,"woodworks:oak_chest":19,"minecraft:oak_boat":3,"minecraft:anvil":1,"luphieclutteredmod:luphie_yellow_cabinet":9,"minecraft:torch":372,"minecraft:diamond_chestplate":2},"minecraft:killed_by":{"minecraft:piglin_brute":1,"minecraft:pillager":3,"mutantmonsters:mutant_creeper":1,"minecraft:vindicator":11,"born_in_chaos_v1:siamese_skeletons":1,"minecraft:vex":2,"minecraft:stray":1,"mutantmonsters:mutant_skeleton":4,"quark:forgotten":1,"born_in_chaos_v1:corpse_fly":1,"mutantmonsters:creeper_minion":1,"minecraft:player":2,"minecraft:skeleton":3},"minecraft:dropped":{"farmersdelight:iron_knife":1,"alexsmobs:shark_tooth_arrow":1,"crittersandcompanions:clam":1,"minecraft:glass_bottle":9,"minecraft:diamond":3,"minecraft:crossbow":4,"minecraft:saddle":2,"born_in_chaos_v1:pieceofdarkmetal":3,"minecraft:rail":12,"minecraft:leather_helmet":1,"quark:blossom_fence":3,"minecraft:dirt":114,"minecraft:tnt_minecart":2,"minecraft:chain":1,"minecraft:bone_meal":2,"minecraft:phantom_membrane":1,"minecraft:sand":69,"minecraft:iron_pickaxe":2,"minecraft:dark_oak_planks":2,"minecraft:white_wool":30,"minecraft:cyan_carpet":3,"minecraft:bone":131,"majruszsdifficulty:cloth":5,"minecraft:music_disc_chirp":2,"minecraft:iron_nugget":1,"minecraft:birch_sapling":3,"minecraft:wheat":4,"minecraft:obsidian":16,"minecraft:rotten_flesh":145,"minecraft:oak_planks":8,"minecraft:glowstone_dust":7,"create:asurine":4,"minecraft:azure_bluet":2,"autumnity:maple_sapling":7,"iter_rpg:frosty_grass":5,"minecraft:tipped_arrow":4,"create:honeyed_apple":1,"quark:blank_rune":1,"iter_rpg:seashell":5,"minecraft:leather_leggings":5,"rottencreatures:frozen_rotten_flesh":4,"minecraft:spruce_slab":1,"minecraft:beef":2,"minecraft:egg":18,"minecraft:iron_ingot":1,"minecraft:enchanted_book":25,"minecraft:golden_boots":1,"create:rose_quartz":9,"born_in_chaos_v1:shattered_skull":1,"minecraft:wheat_seeds":169,"minecraft:oak_fence":14,"minecraft:iron_helmet":1,"minecraft:cobblestone":55,"minecraft:prismarine_crystals":2,"minecraft:book":1,"majruszsdifficulty:soul_jar":1,"minecraft:apple":7,"minecraft:coal":7,"minecraft:coal_block":3,"minecraft:polished_andesite":11,"minecraft:end_rod":1,"minecraft:oxeye_daisy":2,"minecraft:gray_wool":1,"minecraft:golden_carrot":1,"minecraft:gray_bed":4,"minecraft:wooden_axe":1,"minecraft:rose_bush":2,"aquaculture:jellyfish":1,"delightful:acorn":16,"minecraft:mud":1,"minecraft:smooth_stone":1,"minecraft:chainmail_leggings":1,"minecraft:iron_shovel":7,"minecraft:string":63,"atmospheric:aspen_sapling":1,"delightful:salmonberries":11,"create:raw_zinc":6,"minecraft:spruce_sapling":10,"minecraft:player_head":1,"minecraft:sticky_piston":4,"minecraft:white_terracotta":3,"minecraft:diamond_sword":1,"minecraft:big_dripleaf":2,"blue_skies:cooked_charscale_moki":1,"minecraft:hay_block":6,"aquaculture:tuna":1,"minecraft:stone":2,"minecraft:allium":4,"minecraft:spruce_planks":2,"minecraft:redstone_torch":5,"minecraft:spider_eye":63,"minecraft:stone_bricks":1,"minecraft:brown_carpet":2,"minecraft:sandstone":5,"ecologics:seashell":1,"minecraft:terracotta":1,"minecraft:spruce_sign":1,"minecraft:birch_planks":2,"minecraft:dark_oak_stairs":1,"minecraft:leather":14,"minecraft:jungle_planks":2,"create:crimsite":1,"table_top_craft:chess_piece_figure":3,"minecraft:flint":2,"minecraft:cyan_terracotta":1,"atmospheric:dry_laurel_sapling":6,"minecraft:ice":1,"minecraft:cornflower":7,"epicsamurai:jade":4,"minecraft:snowball":5,"minecraft:gold_ingot":12,"minecraft:gravel":6,"quark:slime_in_a_bucket":1,"quark:ancient_planks":1,"born_in_chaos_v1:fire_dust":7,"aquaculture:perch":3,"ecologics:coconut_log":21,"minecraft:beetroot":3,"iter_rpg:spawner_fragment":1,"minecraft:cooked_mutton":4,"minecraft:honey_bottle":5,"quark:shale":1,"minecraft:carrot":5,"iter_rpg:reef_stone":3,"minecraft:chiseled_stone_bricks":3,"supplementaries:ash":7,"minecraft:gunpowder":7,"born_in_chaos_v1:chipped_black_argillite_brick":1,"minecraft:skeleton_skull":2,"environmental:cattail":18,"supplementaries:item_shelf":1,"born_in_chaos_v1:corpse_maggot":23,"woodworks:oak_chest":1,"minecraft:iron_bars":9,"minecraft:arrow":25,"minecraft:written_book":1,"minecraft:vine":16,"minecraft:golden_helmet":1,"minecraft:mossy_cobblestone":3,"minecraft:prismarine_shard":4,"ecologics:coconut_seedling":10,"quark:abacus":1,"minecraft:copper_ingot":1,"minecraft:spruce_stairs":2,"minecraft:acacia_log":6,"minecraft:stick":26,"quark:clear_shard":2,"supplementaries:trapped_present_orange":1,"born_in_chaos_v1:river_mint":17,"bakery:strawberry_seeds":4,"minecraft:torch":11,"minecraft:repeater":8,"supplementaries:wrench":1,"minecraft:melon_slice":12,"born_in_chaos_v1:fused_bone":3,"minecraft:zombie_head":1,"minecraft:fire_charge":4,"quark:stick_block":1,"minecraft:green_carpet":6,"farmersdelight:bacon":4,"minecraft:wither_rose":1,"minecraft:iron_axe":10,"minecraft:raw_iron_block":1,"minecraft:bucket":1,"autumnity:foul_berries":4,"minecraft:dandelion":28,"minecraft:redstone":4,"autumnity:turkey_egg":2,"minecraft:coarse_dirt":12,"minecraft:blaze_rod":3,"minecraft:tuff":1,"supplementaries:bomb":1,"born_in_chaos_v1:black_argillite_button":2,"minecraft:sculk_sensor":2,"autumnity:autumn_crocus":4,"alexsmobs:bear_fur":5,"minecraft:red_terracotta":6,"minecraft:filled_map":4,"supplementaries:candle_holder_red":1,"farmersdelight:flint_knife":1,"minecraft:diamond_chestplate":1,"minecraft:iron_chestplate":4,"minecraft:andesite":17,"minecraft:oak_sapling":163,"minecraft:slime_ball":2,"minecraft:wooden_pickaxe":1,"autumnity:snail_goo":2,"minecraft:calcite":1}},"DataVersion":3120}