{"stats":{"minecraft:dropped":{"farmersdelight:iron_knife":1,"minecraft:glass_bottle":9,"minecraft:crossbow":1,"minecraft:saddle":2,"create:crimsite":1,"born_in_chaos_v1:pieceofdarkmetal":2,"minecraft:rail":12,"minecraft:cyan_terracotta":1,"quark:blossom_fence":3,"minecraft:dirt":21,"minecraft:cornflower":4,"minecraft:tnt_minecart":2,"minecraft:snowball":5,"minecraft:phantom_membrane":1,"minecraft:iron_pickaxe":2,"minecraft:white_wool":12,"minecraft:bone":28,"minecraft:gravel":6,"majruszsdifficulty:cloth":3,"quark:ancient_planks":1,"minecraft:iron_nugget":1,"minecraft:music_disc_chirp":2,"minecraft:wheat":3,"minecraft:birch_sapling":3,"minecraft:beetroot":3,"minecraft:rotten_flesh":27,"minecraft:oak_planks":8,"minecraft:glowstone_dust":7,"create:asurine":4,"quark:shale":1,"autumnity:maple_sapling":7,"supplementaries:ash":1,"iter_rpg:frosty_grass":5,"minecraft:gunpowder":3,"minecraft:skeleton_skull":2,"environmental:cattail":18,"born_in_chaos_v1:corpse_maggot":6,"woodworks:oak_chest":1,"minecraft:leather_leggings":1,"rottencreatures:frozen_rotten_flesh":4,"minecraft:arrow":1,"minecraft:beef":2,"minecraft:golden_boots":1,"minecraft:iron_ingot":1,"minecraft:wheat_seeds":44,"minecraft:cobblestone":4,"minecraft:apple":5,"minecraft:copper_ingot":1,"minecraft:spruce_stairs":2,"minecraft:coal":7,"minecraft:stick":4,"minecraft:polished_andesite":11,"minecraft:oxeye_daisy":1,"minecraft:gray_wool":1,"quark:clear_shard":2,"born_in_chaos_v1:river_mint":17,"minecraft:torch":11,"minecraft:gray_bed":4,"minecraft:wooden_axe":1,"minecraft:melon_slice":12,"minecraft:rose_bush":2,"born_in_chaos_v1:fused_bone":1,"minecraft:zombie_head":1,"aquaculture:jellyfish":1,"delightful:acorn":11,"farmersdelight:bacon":4,"minecraft:iron_axe":10,"minecraft:raw_iron_block":1,"minecraft:iron_shovel":5,"minecraft:chainmail_leggings":1,"minecraft:string":4,"minecraft:bucket":1,"create:raw_zinc":6,"autumnity:foul_berries":4,"minecraft:spruce_sapling":10,"minecraft:dandelion":28,"minecraft:tuff":1,"supplementaries:bomb":1,"minecraft:sculk_sensor":2,"autumnity:autumn_crocus":4,"minecraft:stone":2,"farmersdelight:flint_knife":1,"minecraft:spruce_planks":1,"minecraft:iron_chestplate":3,"minecraft:andesite":9,"minecraft:oak_sapling":142,"minecraft:spider_eye":3,"minecraft:slime_ball":2,"minecraft:wooden_pickaxe":1,"autumnity:snail_goo":1,"minecraft:calcite":1,"minecraft:terracotta":1},"minecraft:used":{"minecraft:iron_shovel":3907,"farmersdelight:cabbage_seeds":9,"minecraft:ladder":81,"minecraft:shield":3,"farmersdelight:stove":1,"minecraft:stone":10,"luphieclutteredmod:luphie_yellow_cabinet":8,"alexsmobs:medium_catfish_bucket":1,"quark:ancient_log":26,"galosphere:spectre_flare":1,"luphieclutteredmod:luphie_yellow_mini_cabinet":4,"minecraft:carrot":25,"aquaculture:muskellunge_bucket":2,"minecraft:glass":3,"unusualfishmod:eyelash_fish_bucket":1,"born_in_chaos_v1:corpse_maggot":3,"minecraft:lava_bucket":19,"aquaculture:perch_bucket":3,"autumnity:maple_planks":69,"aquaculture:bluegill_bucket":4,"minecraft:stone_bricks":1193,"minecraft:oak_sapling":12,"minecraft:furnace":10,"autumnity:red_maple_sapling":6,"minecraft:gray_bed":7,"autumnity:maple_fence":31,"aquaculture:smallmouth_bass_bucket":1,"quark:polished_calcite":81,"minecraft:diorite":2,"table_top_craft:chess_piece_figure":4,"minecraft:stone_pickaxe":129,"minecraft:oak_planks":388,"minecraft:wooden_pickaxe":18,"minecraft:white_wool":1,"minecraft:crossbow":13,"aquaculture:jellyfish_bucket":1,"aquaculture:brown_trout_bucket":1,"minecraft:melon_slice":99,"minecraft:bread":90,"minecraft:deepslate":13,"quark:blossom_fence":43,"minecraft:wooden_sword":80,"connectedglass:borderless_glass_red":188,"aquaculture:gar_bucket":1,"minecraft:andesite":7,"minecraft:oak_boat":5,"minecraft:bone_meal":39,"minecraft:experience_bottle":2,"minecraft:oak_fence":13,"storagedrawers:oak_full_drawers_1":4,"create:limestone":266,"quark:calcite_bricks":135,"woodworks:oak_chest":11,"minecraft:spruce_planks":47,"woodworks:spruce_chest":2,"minecraft:spyglass":6,"minecraft:stick":3,"minecraft:torch":428,"quark:yellow_blossom_sapling":4,"minecraft:dirt":1079,"aquaculture:minnow_bucket":3,"luphieclutteredmod:luphie_yellow_shelf_cabinet":1,"minecraft:oak_fence_gate":1,"minecraft:polished_diorite":29,"farmersdelight:beef_patty":3,"minecraft:iron_hoe":84,"minecraft:wooden_axe":40,"minecraft:iron_axe":1553,"connectedglass:borderless_glass":263,"autumnity:maple_pressure_plate":4,"minecraft:melon_seeds":6,"aquaculture:tuna_bucket":2,"bakery:strawberry_seeds":2,"minecraft:calcite":1,"farmersdelight:cooking_pot":6,"quark:blossom_planks":212,"farmersdelight:tomato_seeds":4,"minecraft:wheat_seeds":50,"minecraft:cooked_beef":31,"minecraft:cobbled_deepslate":14,"quark:blossom_log":13,"minecraft:cooked_mutton":16,"luphieclutteredmod:luphie_yellow_glass_cabinet":2,"upgrade_aquatic:glass_door":14,"minecraft:water_bucket":199,"quark:ancient_sign":6,"farmersdelight:skillet":2,"quark:ancient_planks":72,"farmersdelight:onion":9,"connectedglass:clear_glass":15,"supplementaries:bomb":1,"minecraft:crafting_table":25,"aquaculture:carp_bucket":1,"minecraft:campfire":1,"delightful:mini_melon":1,"storagedrawers:oak_half_drawers_1":5,"minecraft:oak_log":3,"aquaculture:catfish_bucket":2,"minecraft:diamond_pickaxe":125,"quark:ancient_planks_slab":212,"minecraft:iron_pickaxe":2953,"connectedglass:clear_glass_red":32,"quark:diorite_bricks":45,"minecraft:cobblestone":443,"farmersdelight:egg_sandwich":4,"minecraft:cooked_porkchop":6,"minecraft:bucket":255,"quark:ancient_sapling":13},"minecraft:killed":{"minecraft:cave_spider":1,"born_in_chaos_v1:zombie_lumberjack":1,"minecraft:spider":21,"quark:forgotten":1,"minecraft:skeleton":25,"artifacts:mimic":1,"born_in_chaos_v1:diamond_termite":1,"minecraft:zombie_villager":1,"naturalist:dragonfly":1,"rottencreatures:frostbitten":2,"dungeons_mobs:wraith":2,"iter_rpg:spiderling":12,"minecraft:creeper":5,"minecraft:sheep":11,"minecraft:trader_llama":2,"minecraft:pillager":8,"minecraft:zombie":31,"born_in_chaos_v1:corpse_fly":17,"minecraft:stray":1,"minecraft:cow":19,"minecraft:vindicator":3,"born_in_chaos_v1:zombie_bruiser":1,"born_in_chaos_v1:maggot":17,"autumnity:snail":1,"minecraft:drowned":1,"rottencreatures:undead_miner":1,"minecraft:husk":2,"born_in_chaos_v1:swarmer":3,"naturalist:butterfly":3,"alexsmobs:catfish":1,"born_in_chaos_v1:bloody_gadfly":1,"alexsmobs:cockroach":3},"minecraft:custom":{"enigmaticlegacy:play_time_with_seven_curses":0,"lootr:looted_stat":57,"minecraft:animals_bred":29,"minecraft:interact_with_crafting_table":190,"minecraft:bell_ring":1,"minecraft:eat_cake_slice":4,"minecraft:leave_game":25,"minecraft:time_since_death":672915,"minecraft:damage_resisted":19,"minecraft:sprint_one_cm":3572753,"minecraft:damage_blocked_by_shield":140,"minecraft:drop":228,"minecraft:talked_to_villager":3,"minecraft:play_time":913634,"minecraft:deaths":28,"minecraft:jump":13466,"minecraft:interact_with_brewingstand":1,"minecraft:walk_on_water_one_cm":123785,"minecraft:interact_with_furnace":227,"minecraft:interact_with_cartography_table":2,"minecraft:sleep_in_bed":44,"minecraft:waystone_activated":7,"minecraft:damage_dealt":36072,"minecraft:player_kills":3,"minecraft:crouch_one_cm":47727,"minecraft:interact_with_smoker":10,"minecraft:mob_kills":204,"minecraft:damage_dealt_resisted":138,"minecraft:climb_one_cm":105754,"minecraft:walk_one_cm":2520514,"minecraft:sneak_time":12685,"minecraft:walk_under_water_one_cm":70300,"minecraft:boat_one_cm":5403,"minecraft:interact_with_blast_furnace":1,"minecraft:total_world_time":913634,"enigmaticlegacy:play_time_without_seven_curses":907902,"minecraft:raid_trigger":1,"minecraft:time_since_rest":15495,"minecraft:damage_taken":15337,"minecraft:swim_one_cm":227245,"minecraft:fly_one_cm":2646872,"minecraft:open_chest":239,"minecraft:fall_one_cm":326852},"minecraft:mined":{"create:deepslate_zinc_ore":2,"minecraft:spruce_planks":26,"minecraft:farmland":3,"connectedglass:borderless_glass":5,"quark:yellow_blossom_leaves":1,"quark:diorite_bricks":21,"minecraft:sculk_vein":3,"minecraft:brewing_stand":1,"quark:ancient_planks_slab":7,"minecraft:carved_pumpkin":1,"minecraft:granite":1,"minecraft:grass_block":2631,"minecraft:polished_diorite":5,"minecraft:oxeye_daisy":10,"environmental:giant_tall_grass":5,"minecraft:tall_seagrass":1,"epicsamurai:deepslate_jade_ore":16,"minecraft:raw_iron_block":1,"minecraft:magma_block":1,"minecraft:iron_ore":64,"quark:calcite_bricks":14,"quark:polished_calcite":11,"quark:blossom_planks":96,"minecraft:deepslate_lapis_ore":3,"minecraft:granite_slab":1,"minecraft:azure_bluet":9,"create:asurine":4,"minecraft:sculk_shrieker":15,"minecraft:dirt_path":14,"supplementaries:stick":2,"bakery:strawberry_taiga":2,"minecraft:water_cauldron":1,"minecraft:green_carpet":6,"autumnity:red_maple_sapling":2,"create:veridium":2,"create:limestone":290,"minecraft:cyan_terracotta":1,"minecraft:clay":8,"born_in_chaos_v1:infected_deepslate_diamond_ore":1,"minecraft:torch":28,"minecraft:calcite":257,"minecraft:poppy":43,"quark:blossom_log":2,"farmersdelight:cabbages":2,"minecraft:glass":3,"minecraft:cobblestone":54,"minecraft:oak_planks":222,"minecraft:bricks":1,"minecraft:wall_torch":19,"minecraft:deepslate_copper_ore":4,"minecraft:seagrass":1,"quark:blossom_fence":4,"minecraft:dark_oak_slab":1,"minecraft:wheat":30,"quark:ancient_sapling":2,"storagedrawers:oak_full_drawers_1":3,"born_in_chaos_v1:river_mint":1,"celestisynth:lunar_stone":1,"minecraft:grass":313,"minecraft:oak_log":3,"delightful:mini_melon":42,"minecraft:sand":595,"minecraft:dirt":569,"galosphere:glinted_lumiere_cluster":1,"environmental:dirt_path":1,"create:crimsite":1,"minecraft:oak_leaves":17,"minecraft:deepslate":94,"luphieclutteredmod:luphie_yellow_mini_cabinet":2,"quark:ancient_log":2,"table_top_craft:chess_piece_figure":2,"create:zinc_ore":4,"minecraft:tuff":7,"farmersdelight:onions":1,"epicsamurai:deepslate_onyx_ore":4,"minecraft:deepslate_diamond_ore":12,"quark:shale":5,"create:brown_seat":1,"farmersdelight:wild_carrots":8,"minecraft:sea_lantern":6,"born_in_chaos_v1:infected_diamond_ore":2,"minecraft:ladder":10,"minecraft:dark_oak_fence":1,"epicsamurai:deepslate_ruby_ore":12,"connectedglass:clear_glass":1,"iter_rpg:ametrine_ore":2,"iter_rpg:void_quartz_block":6,"create:ochrum":1,"minecraft:spruce_leaves":3,"iter_rpg:big_vase":2,"minecraft:hay_block":33,"farmersdelight:wild_onions":8,"minecraft:furnace":6,"minecraft:carrots":6,"iter_rpg:small_vase":12,"luphieclutteredmod:luphie_yellow_cabinet":3,"iter_rpg:void_quartz":4,"minecraft:andesite":16,"treechop:chopped_log":48,"minecraft:peony":11,"minecraft:deepslate_iron_ore":94,"minecraft:rail":1,"minecraft:stone":1446,"minecraft:white_wool":1,"farmersdelight:cooking_pot":5,"connectedglass:borderless_glass_red":10,"born_in_chaos_v1:marigolds":2,"minecraft:dandelion":49,"galosphere:deepslate_silver_ore":49,"minecraft:polished_granite":1,"epicsamurai:deepslate_aquamarine_ore":11,"minecraft:crafting_table":8,"autumnity:autumn_crocus":2,"autumnity:maple_planks":13,"minecraft:cornflower":1,"iter_rpg:vase":8,"autumnity:maple_fence":2,"minecraft:sculk_sensor":2,"minecraft:copper_ore":2,"minecraft:tall_grass":58,"iter_rpg:frosty_grass":3,"minecraft:deepslate_gold_ore":32,"minecraft:diorite":119,"delightful:wild_salmonberries":8,"minecraft:spruce_stairs":2,"minecraft:red_terracotta":9,"farmersdelight:skillet":1,"upgrade_aquatic:glass_door":8,"storagedrawers:oak_half_drawers_1":4,"iter_rpg:deepslate_ametrine_ore":8,"minecraft:gray_bed":7,"minecraft:spruce_log":3,"autumnity:tall_foul_berry_bush":2,"minecraft:coal_ore":177,"iter_rpg:spider_egg":2,"minecraft:gravel":6,"minecraft:terracotta":2,"minecraft:polished_andesite":5,"minecraft:stripped_acacia_wood":2,"minecraft:stone_bricks":262,"epicsamurai:ruby_ore":3},"minecraft:picked_up":{"rottencreatures:frozen_rotten_flesh":4,"minecraft:iron_chestplate":1,"minecraft:wheat":33,"autumnity:maple_log":47,"minecraft:lead":13,"bakery:strawberry_seeds":2,"minecraft:brewing_stand":1,"minecraft:golden_sword":1,"minecraft:string":31,"minecraft:raw_copper":21,"create:limestone":288,"minecraft:zombie_head":1,"farmersdelight:cabbage":2,"minecraft:beetroot":3,"minecraft:tnt_minecart":2,"autumnity:foul_berries":4,"minecraft:cobbled_deepslate":118,"bosses_of_mass_destruction:soul_star":1,"minecraft:bucket":1,"minecraft:spruce_planks":22,"delightful:acorn":24,"celestisynth:lunar_stone":1,"minecraft:red_dye":1,"minecraft:rose_bush":1,"minecraft:calcite":256,"minecraft:iron_pickaxe":2,"farmersdelight:cabbage_seeds":7,"ecologics:walnut_log":3,"minecraft:furnace":6,"minecraft:golden_helmet":1,"minecraft:stick":74,"autumnity:maple_planks":25,"minecraft:torch":86,"minecraft:spruce_stairs":2,"quark:blossom_log":59,"minecraft:diorite":119,"minecraft:golden_chestplate":1,"minecraft:cauldron":1,"quark:blossom_planks":89,"iter_rpg:voidquartz_shard":15,"minecraft:stone_sword":1,"quark:clear_shard":11,"minecraft:rotten_flesh":44,"farmersdelight:onion":10,"quark:calcite_bricks":14,"create:ochrum":1,"minecraft:carved_pumpkin":1,"create:asurine":8,"minecraft:cyan_terracotta":1,"quark:ancient_planks":1,"create:veridium":1,"supplementaries:ash":2,"minecraft:snowball":10,"minecraft:cobblestone":1493,"ecologics:walnut":8,"minecraft:magma_block":1,"minecraft:leather_chestplate":1,"minecraft:andesite":16,"quark:polished_calcite":11,"minecraft:golden_leggings":1,"farmersdelight:bacon":2,"minecraft:tuff":1,"create:raw_zinc":6,"quark:blossom_fence":4,"farmersdelight:tomato":2,"minecraft:lapis_lazuli":15,"minecraft:dirt":3176,"minecraft:polished_granite":1,"born_in_chaos_v1:marigolds":2,"minecraft:leather_boots":1,"minecraft:bone":35,"autumnity:autumn_crocus":6,"delightful:mini_melon":38,"minecraft:wheat_seeds":226,"minecraft:raw_gold":33,"galosphere:raw_silver":49,"minecraft:oak_planks":220,"aquaculture:jellyfish":2,"quark:shale":6,"minecraft:sand":571,"minecraft:granite_slab":2,"minecraft:polished_andesite":13,"create:crimsite":1,"minecraft:diamond":12,"minecraft:deepslate":1,"autumnity:maple_sapling":11,"minecraft:crossbow":1,"luphieclutteredmod:luphie_yellow_mini_cabinet":2,"iter_rpg:void_quartz_block":6,"minecraft:emerald":3,"minecraft:bread":6,"epicsamurai:ruby":15,"minecraft:oak_sapling":166,"minecraft:bricks":1,"minecraft:charcoal":16,"majruszsdifficulty:tattered_boots":1,"minecraft:crafting_table":7,"born_in_chaos_v1:diamond_termite_shard":1,"minecraft:azure_bluet":10,"minecraft:ladder":9,"born_in_chaos_v1:river_mint":17,"minecraft:clay_ball":32,"minecraft:leather_leggings":2,"quark:ancient_sapling":18,"minecraft:brick":7,"minecraft:shield":2,"minecraft:cornflower":4,"minecraft:iron_axe":5,"ecologics:walnut_sapling":4,"epicsamurai:jade":15,"minecraft:iron_shovel":2,"storagedrawers:oak_half_drawers_1":4,"supplementaries:bomb":1,"iter_rpg:ametrine_shard":26,"minecraft:beef":39,"minecraft:oak_boat":3,"minecraft:iron_nugget":1,"minecraft:poppy":43,"quark:ancient_planks_slab":10,"quark:yellow_blossom_sapling":4,"minecraft:birch_sapling":3,"crittersandcompanions:clam":1,"minecraft:egg":92,"minecraft:raw_iron":158,"minecraft:stone":2,"minecraft:copper_ingot":1,"minecraft:music_disc_mellohi":1,"born_in_chaos_v1:pieceofdarkmetal":4,"minecraft:carrot":25,"minecraft:prismarine_crystals":16,"minecraft:arrow":34,"minecraft:peony":11,"minecraft:hay_block":33,"minecraft:saddle":2,"born_in_chaos_v1:fused_bone":1,"autumnity:snail_goo":2,"minecraft:mutton":13,"minecraft:bone_block":27,"minecraft:rail":1,"minecraft:skeleton_skull":3,"minecraft:white_wool":26,"minecraft:oxeye_daisy":11,"born_in_chaos_v1:corpse_maggot":21,"autumnity:red_maple_sapling":22,"table_top_craft:chess_piece_figure":2,"minecraft:leather":13,"majruszsdifficulty:cloth":3,"quark:diorite_bricks":21,"minecraft:oak_log":189,"minecraft:golden_boots":2,"naturalist:cooked_egg":72,"minecraft:gunpowder":6,"farmersdelight:skillet":1,"galosphere:lumiere_shard":2,"quark:forgotten_hat":1,"minecraft:apple":15,"minecraft:stone_bricks":252,"farmersdelight:cooking_pot":5,"alexsmobs:cockroach_wing_fragment":1,"iter_rpg:potsherd":1,"minecraft:iron_ingot":59,"artifacts:kitty_slippers":1,"aquaculture:minnow":4,"epicsamurai:aquamarine":11,"storagedrawers:oak_full_drawers_1":3,"minecraft:gray_bed":11,"minecraft:music_disc_chirp":2,"quark:ancient_fruit":4,"epicsamurai:onyx":4,"minecraft:dandelion":75,"minecraft:raw_iron_block":2,"iter_rpg:frosty_grass":5,"minecraft:gravel":6,"minecraft:amethyst_shard":3,"minecraft:spruce_sapling":10,"delightful:salmonberries":8,"minecraft:spruce_log":21,"minecraft:spider_eye":8,"minecraft:leather_helmet":1,"alexsmobs:raw_catfish":3,"autumnity:maple_fence":2,"minecraft:slime_ball":6,"minecraft:polished_diorite":5,"environmental:cattail":18,"minecraft:gray_wool":1,"quark:ancient_log":116,"minecraft:terracotta":2,"luphieclutteredmod:luphie_yellow_cabinet":3,"minecraft:coal":201},"minecraft:killed_by":{"minecraft:pillager":3,"quark:forgotten":1,"born_in_chaos_v1:corpse_fly":1,"minecraft:vindicator":11,"born_in_chaos_v1:siamese_skeletons":1,"minecraft:vex":2,"minecraft:player":2,"minecraft:stray":1,"mutantmonsters:mutant_skeleton":4,"minecraft:skeleton":2},"minecraft:broken":{"minecraft:iron_shovel":12,"minecraft:iron_boots":1,"minecraft:stone_pickaxe":1,"minecraft:wooden_sword":1,"quark:forgotten_hat":1,"minecraft:iron_axe":2,"minecraft:iron_pickaxe":11},"minecraft:crafted":{"minecraft:brick":19,"minecraft:oak_planks":604,"connectedglass:borderless_glass_red":224,"minecraft:melon_slice":111,"connectedglass:clear_glass":28,"ecologics:walnut_planks":12,"minecraft:stone":994,"upgrade_aquatic:glass_door":15,"connectedglass:borderless_glass":508,"minecraft:cooked_mutton":18,"minecraft:glass":572,"minecraft:iron_boots":1,"minecraft:chest":12,"autumnity:maple_planks":188,"galosphere:silver_ingot":34,"minecraft:bricks":4,"minecraft:oak_fence":27,"minecraft:stone_bricks":980,"farmersdelight:stove":1,"minecraft:glass_bottle":3,"minecraft:oak_slab":6,"minecraft:deepslate":21,"quark:blossom_planks":184,"minecraft:cooked_porkchop":6,"minecraft:crafting_table":18,"minecraft:spruce_planks":84,"minecraft:wooden_pickaxe":1,"minecraft:iron_helmet":1,"quark:ancient_planks_slab":270,"farmersdelight:egg_sandwich":35,"storagedrawers:oak_full_drawers_1":1,"autumnity:maple_pressure_plate":4,"autumnity:maple_fence":51,"minecraft:copper_ingot":21,"minecraft:campfire":2,"farmersdelight:skillet":1,"luphieclutteredmod:luphie_yellow_glass_cabinet":2,"farmersdelight:beef_patty":3,"minecraft:iron_chestplate":2,"minecraft:yellow_dye":30,"minecraft:shield":1,"minecraft:stick":348,"minecraft:iron_ingot":122,"minecraft:iron_pickaxe":12,"minecraft:gold_ingot":33,"quark:ancient_planks":224,"minecraft:wooden_sword":2,"luphieclutteredmod:luphie_yellow_shelf_cabinet":1,"minecraft:raw_iron":9,"minecraft:spyglass":1,"minecraft:furnace":4,"minecraft:bone_meal":39,"woodworks:spruce_chest":2,"storagedrawers:oak_half_drawers_1":1,"minecraft:glass_pane":16,"quark:diorite_bricks":36,"minecraft:polished_diorite":60,"quark:blossom_fence":42,"minecraft:iron_hoe":1,"minecraft:iron_axe":8,"minecraft:ladder":92,"minecraft:stone_pickaxe":1,"quark:ancient_sign":6,"minecraft:lead":2,"minecraft:wheat":289,"minecraft:cooked_beef":32,"minecraft:red_dye":43,"quark:calcite_bricks":148,"minecraft:bucket":3,"quark:polished_calcite":220,"luphieclutteredmod:luphie_yellow_mini_cabinet":2,"minecraft:bread":103,"minecraft:air":0,"woodworks:oak_chest":14,"minecraft:oak_fence_gate":1,"minecraft:oak_boat":2,"connectedglass:clear_glass_red":40,"minecraft:wooden_axe":1,"minecraft:iron_shovel":16,"luphieclutteredmod:luphie_yellow_cabinet":9,"minecraft:torch":372}},"DataVersion":3120}