{"stats":{"minecraft:picked_up":{"born_in_chaos_v1:corpse_maggot":1,"iter_rpg:frosty_grass":1},"minecraft:mined":{"iter_rpg:frosty_grass":1},"minecraft:killed_by":{"minecraft:illusioner":1,"rottencreatures:glacial_hunter":1},"minecraft:custom":{"minecraft:jump":226,"minecraft:time_since_rest":3874,"enigmaticlegacy:play_time_with_seven_curses":0,"minecraft:damage_dealt":64,"minecraft:crouch_one_cm":2,"minecraft:deaths":2,"minecraft:sprint_one_cm":28907,"minecraft:play_time":8278,"minecraft:damage_taken":630,"minecraft:time_since_death":1215,"minecraft:walk_one_cm":26905,"minecraft:sneak_time":15,"enigmaticlegacy:play_time_without_seven_curses":5585,"minecraft:total_world_time":8278,"minecraft:fall_one_cm":6497,"minecraft:fly_one_cm":47138}},"DataVersion":3120}