{"stats":{"minecraft:crafted":{"minecraft:oak_planks":60,"iter_rpg:gobsteel_javelin":1,"minecraft:cooked_chicken":3,"minecraft:cooked_mutton":29,"minecraft:bow":1,"autumnity:maple_planks":44,"quark:blossom_planks":120,"minecraft:cooked_porkchop":20,"minecraft:crafting_table":6,"minecraft:spruce_planks":64,"minecraft:wooden_pickaxe":1,"minecraft:pumpkin_seeds":4,"minecraft:shield":1,"minecraft:stick":16,"minecraft:iron_ingot":23,"minecraft:stone_sword":1,"environmental:cooked_venison":2,"minecraft:gold_ingot":1,"minecraft:furnace":2,"minecraft:flint_and_steel":1,"alexsdelight:cooked_bison":2,"minecraft:stone_pickaxe":1,"minecraft:cooked_beef":35,"minecraft:iron_sword":3,"minecraft:bucket":1,"minecraft:stone_axe":1,"minecraft:jungle_planks":4,"woodworks:oak_chest":1,"minecraft:golden_apple":1,"minecraft:torch":52},"minecraft:used":{"minecraft:beetroot":3,"environmental:cooked_venison":2,"minecraft:shield":2,"minecraft:iron_sword":575,"minecraft:carrot":11,"create:brown_seat":1,"minecraft:snowball":23,"minecraft:obsidian":4,"minecraft:honey_bottle":10,"born_in_chaos_v1:corpse_maggot":9,"friendsandfoes:totem_of_illusion":1,"autumnity:maple_planks":1,"minecraft:dark_oak_slab":2,"quark:blue_blossom_sapling":2,"minecraft:bow":40,"minecraft:furnace":11,"minecraft:oak_sapling":1,"autumnity:red_maple_sapling":5,"minecraft:gray_bed":10,"minecraft:skeleton_skull":1,"minecraft:potato":34,"iter_rpg:stone_flail":2,"minecraft:stone_pickaxe":133,"minecraft:wooden_pickaxe":9,"minecraft:white_wool":5,"minecraft:purple_terracotta":18,"minecraft:melon_slice":42,"minecraft:bread":44,"minecraft:gravel":2,"minecraft:andesite":4,"delightful:acorn":1,"minecraft:experience_bottle":3,"minecraft:stone_sword":63,"minecraft:flint_and_steel":1,"woodworks:oak_chest":1,"minecraft:spruce_planks":69,"minecraft:cooked_chicken":3,"minecraft:torch":40,"minecraft:dirt":13,"minecraft:spruce_stairs":1,"minecraft:iron_axe":32,"create:brown_toolbox":2,"quark:blossom_planks":123,"minecraft:cooked_beef":8,"alexsdelight:cooked_bison":2,"minecraft:cooked_mutton":22,"minecraft:water_bucket":2,"minecraft:red_glazed_terracotta":1,"minecraft:terracotta":11,"minecraft:crafting_table":10,"supplementaries:bomb":1,"minecraft:dark_prismarine":69,"minecraft:diamond_pickaxe":147,"minecraft:black_wool":2,"minecraft:spruce_sapling":4,"minecraft:stone_axe":136,"minecraft:stripped_crimson_hyphae":1,"minecraft:cooked_porkchop":20,"minecraft:bucket":3,"minecraft:stripped_oak_log":1},"minecraft:picked_up":{"minecraft:wooden_axe":1,"rottencreatures:frozen_rotten_flesh":4,"autumnity:maple_log":11,"minecraft:golden_sword":1,"minecraft:string":20,"minecraft:beetroot":6,"delightful:acorn":1,"minecraft:spruce_planks":63,"minecraft:melon_slice":54,"minecraft:furnace":11,"minecraft:tipped_arrow":1,"minecraft:stick":24,"autumnity:maple_planks":20,"minecraft:torch":28,"minecraft:spruce_stairs":1,"minecraft:porkchop":20,"quark:blossom_log":30,"minecraft:golden_chestplate":1,"quark:blossom_planks":11,"minecraft:rotten_flesh":13,"alexsdelight:raw_bison":2,"supplementaries:ash":1,"minecraft:obsidian":1,"minecraft:snowball":25,"minecraft:cobblestone":45,"create:brown_seat":3,"minecraft:lilac":1,"minecraft:feather":7,"minecraft:jungle_log":1,"minecraft:andesite":4,"minecraft:potato":19,"minecraft:flint":1,"minecraft:dirt":38,"minecraft:leather_boots":1,"minecraft:bone":42,"minecraft:wheat_seeds":3,"delightful:mini_melon":1,"minecraft:oak_planks":6,"minecraft:dark_prismarine":71,"environmental:venison":2,"minecraft:polished_andesite":2,"minecraft:granite":3,"minecraft:golden_apple":1,"minecraft:emerald":2,"minecraft:bread":1,"minecraft:oak_sapling":12,"minecraft:dark_oak_fence":2,"minecraft:andesite_slab":10,"minecraft:crafting_table":4,"minecraft:chicken":3,"friendsandfoes:totem_of_illusion":1,"minecraft:iron_axe":1,"iter_rpg:coin":2,"minecraft:beef":35,"minecraft:iron_nugget":2,"minecraft:light_gray_wool":1,"minecraft:birch_sapling":3,"minecraft:raw_iron":23,"minecraft:stripped_crimson_hyphae":4,"create:hand_crank":2,"minecraft:carrot":6,"dungeons_mobs:necromancer_chestplate":1,"minecraft:prismarine_crystals":13,"minecraft:purple_terracotta":19,"minecraft:arrow":33,"minecraft:hay_block":1,"minecraft:gold_ingot":2,"autumnity:large_pumpkin_slice":2,"minecraft:mutton":29,"minecraft:white_wool":17,"minecraft:stripped_oak_log":3,"born_in_chaos_v1:corpse_maggot":13,"autumnity:red_maple_sapling":5,"minecraft:red_glazed_terracotta":2,"minecraft:leather":21,"minecraft:oak_log":14,"minecraft:gunpowder":4,"upgrade_aquatic:blue_pickerelweed":24,"minecraft:spruce_wood":1,"minecraft:iron_ingot":1,"aquaculture:minnow":3,"minecraft:glass_bottle":1,"minecraft:gray_bed":10,"minecraft:iron_sword":1,"create:mechanical_saw":3,"quark:blue_blossom_sapling":2,"minecraft:dark_oak_slab":2,"minecraft:pumpkin":1,"minecraft:red_wool":3,"iter_rpg:frosty_grass":2,"minecraft:gravel":2,"minecraft:spruce_sapling":17,"minecraft:spruce_log":15,"minecraft:mossy_stone_brick_slab":1,"minecraft:spider_eye":2,"galosphere:allurite_block":2,"dungeons_mobs:necromancer_helmet":1,"minecraft:gray_wool":1,"minecraft:terracotta":29,"minecraft:black_wool":2,"minecraft:coal":26},"minecraft:killed":{"iter_rpg:goblin":2,"alexsmobs:hummingbird":1,"minecraft:spider":8,"aquaculture:gar":1,"minecraft:skeleton":29,"quark:shiba":1,"minecraft:chicken":4,"majruszsdifficulty:creeperling":2,"minecraft:pig":12,"minecraft:zombie_villager":2,"rottencreatures:frostbitten":2,"iter_rpg:spiderling":2,"minecraft:creeper":6,"minecraft:sheep":20,"minecraft:pillager":2,"minecraft:zombie":16,"ecologics:penguin":1,"born_in_chaos_v1:corpse_fly":4,"minecraft:stray":1,"minecraft:cow":19,"minecraft:vindicator":2,"born_in_chaos_v1:skeleton_thrasher_not_despawn":1,"crittersandcompanions:dragonfly":1,"born_in_chaos_v1:maggot":6,"minecraft:horse":1,"alexsmobs:bison":1,"autumnity:turkey":1,"born_in_chaos_v1:swarmer":1,"naturalist:butterfly":1,"environmental:reindeer":2,"majruszsdifficulty:cursed_armor":1,"born_in_chaos_v1:decrepit_skeleton":2,"born_in_chaos_v1:bloody_gadfly":2,"endermanoverhaul:cave_enderman":1,"ecologics:squirrel":1,"iter_rpg:goblin_warrior":2,"dungeons_mobs:necromancer":1},"minecraft:mined":{"minecraft:spruce_planks":44,"minecraft:obsidian":1,"minecraft:spruce_trapdoor":1,"minecraft:granite":3,"minecraft:stripped_crimson_hyphae":4,"minecraft:grass_block":6,"autumnity:maple_log":1,"minecraft:spawner":3,"environmental:giant_tall_grass":1,"minecraft:iron_ore":22,"quark:blossom_planks":11,"minecraft:pumpkin":1,"minecraft:granite_slab":4,"minecraft:spruce_wood":1,"autumnity:orange_maple_leaf_pile":1,"minecraft:torch":11,"minecraft:melon":10,"minecraft:dead_bush":2,"quark:blossom_log":1,"supplementaries:wild_flax":2,"autumnity:yellow_maple_leaves":2,"minecraft:wall_torch":16,"minecraft:dark_oak_slab":1,"upgrade_aquatic:tall_blue_pickerelweed":12,"minecraft:grass":12,"minecraft:oak_log":2,"delightful:mini_melon":1,"minecraft:dirt":8,"minecraft:oak_leaves":13,"autumnity:large_pumpkin_slice":2,"minecraft:dark_prismarine":75,"create:brown_seat":1,"minecraft:sea_lantern":5,"quark:blue_blossom_leaves":1,"minecraft:dark_oak_fence":1,"minecraft:purple_terracotta":19,"minecraft:spruce_leaves":4,"iter_rpg:big_vase":1,"minecraft:hay_block":1,"minecraft:furnace":10,"iter_rpg:small_vase":2,"treechop:chopped_log":6,"minecraft:stone":47,"minecraft:red_wool":3,"minecraft:polished_granite":1,"minecraft:crafting_table":5,"minecraft:emerald_ore":1,"iter_rpg:vase":2,"minecraft:andesite_slab":6,"minecraft:tall_grass":28,"iter_rpg:frosty_grass":4,"minecraft:red_glazed_terracotta":1,"minecraft:spruce_stairs":1,"create:mechanical_saw":2,"galosphere:allurite_block":2,"minecraft:coarse_dirt":1,"minecraft:gray_bed":10,"minecraft:spruce_log":6,"minecraft:birch_leaves":25,"minecraft:coal_ore":26,"minecraft:gravel":3,"minecraft:terracotta":34,"minecraft:polished_andesite":5,"minecraft:fern":1},"minecraft:custom":{"enigmaticlegacy:play_time_with_seven_curses":0,"lootr:looted_stat":25,"minecraft:interact_with_crafting_table":35,"minecraft:leave_game":7,"minecraft:time_since_death":413,"minecraft:damage_resisted":4,"minecraft:sprint_one_cm":833425,"minecraft:damage_blocked_by_shield":45,"minecraft:drop":86,"minecraft:talked_to_villager":12,"minecraft:play_time":274678,"minecraft:deaths":49,"minecraft:jump":6057,"minecraft:interact_with_brewingstand":1,"minecraft:walk_on_water_one_cm":16034,"minecraft:interact_with_furnace":109,"minecraft:sleep_in_bed":18,"minecraft:waystone_activated":2,"minecraft:damage_dealt":26001,"minecraft:crouch_one_cm":1303,"minecraft:mob_kills":168,"minecraft:damage_dealt_resisted":179,"minecraft:climb_one_cm":36988,"minecraft:walk_one_cm":1362465,"minecraft:sneak_time":602,"minecraft:walk_under_water_one_cm":6646,"minecraft:total_world_time":274678,"enigmaticlegacy:play_time_without_seven_curses":272916,"minecraft:time_since_rest":445,"minecraft:damage_taken":22059,"minecraft:swim_one_cm":16834,"minecraft:fly_one_cm":865518,"minecraft:open_chest":7,"minecraft:fall_one_cm":190255},"minecraft:killed_by":{"minecraft:zombie_villager":1,"endermanoverhaul:cave_enderman":2,"minecraft:creeper":4,"minecraft:pillager":4,"born_in_chaos_v1:zombie_bruiser":1,"minecraft:vindicator":13,"minecraft:zombie":2,"alexsmobs:grizzly_bear":1,"minecraft:vex":3,"minecraft:stray":3,"born_in_chaos_v1:swarmer":1,"rottencreatures:hunter_wolf":1,"minecraft:skeleton":13},"minecraft:dropped":{"minecraft:iron_sword":1,"minecraft:glass_bottle":2,"minecraft:leather":21,"aquaculture:minnow":3,"minecraft:red_wool":3,"minecraft:dirt":25,"minecraft:dark_oak_fence":1,"minecraft:snowball":2,"minecraft:white_wool":11,"minecraft:bone":23,"minecraft:red_glazed_terracotta":1,"minecraft:iron_nugget":2,"minecraft:andesite_slab":10,"minecraft:beetroot":3,"minecraft:rotten_flesh":11,"minecraft:oak_planks":6,"minecraft:mossy_stone_brick_slab":1,"iter_rpg:frosty_grass":2,"minecraft:gunpowder":10,"born_in_chaos_v1:corpse_maggot":4,"minecraft:leather_boots":1,"create:brown_seat":1,"minecraft:chainmail_boots":1,"minecraft:iron_ingot":3,"minecraft:bread":1,"minecraft:wheat_seeds":2,"minecraft:lilac":1,"create:mechanical_saw":1,"autumnity:large_pumpkin_slice":2,"minecraft:feather":7,"minecraft:apple":4,"delightful:mini_melon":1,"minecraft:stick":5,"minecraft:gray_wool":1,"upgrade_aquatic:blue_pickerelweed":24,"minecraft:torch":1,"minecraft:wooden_axe":1,"minecraft:melon_slice":1,"minecraft:string":24,"minecraft:spruce_sapling":13,"minecraft:furnace":1,"minecraft:light_gray_wool":1,"minecraft:stripped_oak_log":1,"minecraft:pumpkin_seeds":4,"minecraft:potato":14,"autumnity:maple_planks":20,"minecraft:spruce_planks":2,"minecraft:oak_sapling":3,"minecraft:terracotta":17},"minecraft:broken":{"minecraft:chainmail_boots":1,"minecraft:stone_pickaxe":1,"minecraft:chainmail_chestplate":1,"minecraft:stone_axe":1,"minecraft:iron_sword":2}},"DataVersion":3120}