{"stats":{"minecraft:killed_by":{"endermanoverhaul:cave_enderman":2,"minecraft:stray":2,"minecraft:pillager":4,"rottencreatures:hunter_wolf":1,"minecraft:vindicator":13,"minecraft:skeleton":13,"minecraft:zombie":1,"minecraft:vex":2},"minecraft:used":{"minecraft:beetroot":3,"minecraft:stone_sword":63,"environmental:cooked_venison":2,"woodworks:oak_chest":1,"minecraft:spruce_planks":56,"minecraft:shield":2,"minecraft:iron_sword":286,"minecraft:torch":39,"minecraft:dirt":13,"minecraft:spruce_stairs":1,"minecraft:snowball":23,"minecraft:honey_bottle":10,"born_in_chaos_v1:corpse_maggot":9,"friendsandfoes:totem_of_illusion":1,"minecraft:iron_axe":1,"minecraft:dark_oak_slab":2,"quark:blue_blossom_sapling":2,"minecraft:bow":33,"minecraft:oak_sapling":1,"minecraft:furnace":5,"minecraft:gray_bed":3,"quark:blossom_planks":123,"minecraft:skeleton_skull":1,"minecraft:potato":34,"minecraft:stone_pickaxe":133,"minecraft:wooden_pickaxe":9,"minecraft:red_glazed_terracotta":1,"minecraft:terracotta":11,"minecraft:crafting_table":8,"supplementaries:bomb":1,"minecraft:purple_terracotta":18,"minecraft:dark_prismarine":69,"minecraft:diamond_pickaxe":112,"minecraft:bread":44,"minecraft:melon_slice":42,"minecraft:spruce_sapling":4,"minecraft:gravel":1,"minecraft:stone_axe":117,"minecraft:stripped_crimson_hyphae":1,"minecraft:cooked_porkchop":6,"minecraft:andesite":4,"minecraft:experience_bottle":3},"minecraft:picked_up":{"rottencreatures:frozen_rotten_flesh":4,"minecraft:crafting_table":4,"friendsandfoes:totem_of_illusion":1,"minecraft:string":20,"minecraft:iron_axe":1,"minecraft:beetroot":6,"minecraft:spruce_planks":49,"minecraft:melon_slice":54,"minecraft:birch_sapling":3,"minecraft:furnace":4,"minecraft:tipped_arrow":1,"minecraft:stripped_crimson_hyphae":4,"minecraft:stick":13,"minecraft:raw_iron":23,"minecraft:torch":26,"minecraft:spruce_stairs":1,"quark:blossom_log":30,"minecraft:porkchop":8,"create:hand_crank":1,"dungeons_mobs:necromancer_chestplate":1,"minecraft:prismarine_crystals":13,"quark:blossom_planks":11,"minecraft:purple_terracotta":19,"minecraft:arrow":33,"minecraft:rotten_flesh":10,"minecraft:hay_block":1,"supplementaries:ash":1,"minecraft:snowball":25,"minecraft:cobblestone":41,"minecraft:stripped_oak_log":2,"create:brown_seat":1,"born_in_chaos_v1:corpse_maggot":9,"minecraft:lilac":1,"minecraft:andesite":4,"minecraft:jungle_log":1,"minecraft:leather":8,"minecraft:red_glazed_terracotta":2,"minecraft:potato":19,"minecraft:oak_log":9,"minecraft:gunpowder":2,"minecraft:dirt":13,"minecraft:bone":38,"delightful:mini_melon":1,"minecraft:spruce_wood":1,"minecraft:iron_ingot":1,"minecraft:glass_bottle":1,"minecraft:gray_bed":4,"create:mechanical_saw":1,"quark:blue_blossom_sapling":2,"minecraft:dark_oak_slab":2,"minecraft:red_wool":3,"iter_rpg:frosty_grass":2,"minecraft:gravel":1,"minecraft:spruce_sapling":17,"minecraft:spruce_log":15,"minecraft:spider_eye":2,"minecraft:dark_prismarine":71,"environmental:venison":2,"minecraft:polished_andesite":2,"galosphere:allurite_block":2,"dungeons_mobs:necromancer_helmet":1,"minecraft:granite":3,"minecraft:emerald":2,"minecraft:bread":1,"minecraft:terracotta":29,"minecraft:oak_sapling":12,"minecraft:dark_oak_fence":2,"minecraft:coal":17,"minecraft:andesite_slab":10},"minecraft:mined":{"minecraft:dark_prismarine":75,"minecraft:spruce_planks":44,"minecraft:sea_lantern":5,"quark:blue_blossom_leaves":1,"minecraft:spruce_trapdoor":1,"minecraft:granite":3,"minecraft:dark_oak_fence":1,"minecraft:stripped_crimson_hyphae":4,"minecraft:purple_terracotta":19,"minecraft:grass_block":6,"minecraft:spruce_leaves":3,"minecraft:spawner":3,"minecraft:hay_block":1,"minecraft:furnace":4,"minecraft:iron_ore":21,"quark:blossom_planks":11,"treechop:chopped_log":3,"minecraft:granite_slab":4,"minecraft:spruce_wood":1,"minecraft:stone":43,"minecraft:red_wool":3,"minecraft:polished_granite":1,"minecraft:crafting_table":5,"minecraft:torch":11,"minecraft:emerald_ore":1,"minecraft:melon":10,"minecraft:andesite_slab":6,"quark:blossom_log":1,"iter_rpg:frosty_grass":4,"minecraft:red_glazed_terracotta":1,"minecraft:wall_torch":15,"minecraft:spruce_stairs":1,"create:mechanical_saw":1,"galosphere:allurite_block":2,"minecraft:dark_oak_slab":1,"minecraft:gray_bed":5,"minecraft:spruce_log":6,"minecraft:birch_leaves":18,"minecraft:oak_log":2,"minecraft:grass":2,"minecraft:coal_ore":16,"delightful:mini_melon":1,"minecraft:gravel":1,"minecraft:dirt":8,"minecraft:terracotta":34,"minecraft:polished_andesite":5,"minecraft:oak_leaves":8},"minecraft:dropped":{"minecraft:iron_ingot":3,"minecraft:bread":1,"minecraft:lilac":1,"minecraft:glass_bottle":2,"minecraft:leather":8,"minecraft:apple":4,"minecraft:red_wool":3,"delightful:mini_melon":1,"minecraft:stick":2,"minecraft:dark_oak_fence":1,"minecraft:torch":1,"minecraft:melon_slice":1,"minecraft:snowball":2,"minecraft:string":12,"minecraft:spruce_sapling":13,"minecraft:bone":18,"minecraft:red_glazed_terracotta":1,"minecraft:andesite_slab":10,"minecraft:beetroot":3,"minecraft:rotten_flesh":8,"minecraft:stripped_oak_log":1,"minecraft:potato":14,"iter_rpg:frosty_grass":2,"minecraft:gunpowder":9,"minecraft:oak_sapling":3,"minecraft:terracotta":17},"minecraft:killed":{"alexsmobs:hummingbird":1,"minecraft:spider":5,"minecraft:vindicator":2,"aquaculture:gar":1,"crittersandcompanions:dragonfly":1,"born_in_chaos_v1:maggot":5,"minecraft:skeleton":27,"minecraft:pig":5,"minecraft:zombie_villager":1,"naturalist:butterfly":1,"rottencreatures:frostbitten":2,"environmental:reindeer":2,"minecraft:creeper":4,"born_in_chaos_v1:bloody_gadfly":1,"minecraft:pillager":2,"minecraft:zombie":6,"endermanoverhaul:cave_enderman":1,"ecologics:penguin":1,"minecraft:stray":1,"dungeons_mobs:necromancer":1},"minecraft:crafted":{"minecraft:oak_planks":40,"minecraft:furnace":2,"minecraft:bow":1,"minecraft:stone_pickaxe":1,"quark:blossom_planks":120,"minecraft:cooked_porkchop":8,"minecraft:crafting_table":4,"minecraft:spruce_planks":64,"minecraft:wooden_pickaxe":1,"minecraft:iron_sword":2,"minecraft:stone_axe":1,"minecraft:jungle_planks":4,"woodworks:oak_chest":1,"minecraft:golden_apple":1,"minecraft:shield":1,"minecraft:stick":12,"minecraft:iron_ingot":23,"minecraft:stone_sword":1,"environmental:cooked_venison":2,"minecraft:gold_ingot":1,"minecraft:torch":16},"minecraft:broken":{"minecraft:chainmail_boots":1,"minecraft:stone_pickaxe":1,"minecraft:iron_sword":1},"minecraft:custom":{"enigmaticlegacy:play_time_with_seven_curses":0,"lootr:looted_stat":17,"minecraft:mob_kills":77,"minecraft:interact_with_crafting_table":26,"minecraft:leave_game":4,"minecraft:time_since_death":6178,"minecraft:climb_one_cm":29699,"minecraft:sprint_one_cm":328084,"minecraft:walk_one_cm":778907,"minecraft:damage_blocked_by_shield":45,"minecraft:drop":37,"minecraft:talked_to_villager":4,"minecraft:play_time":129379,"minecraft:deaths":38,"minecraft:sneak_time":407,"minecraft:walk_under_water_one_cm":2035,"minecraft:jump":2987,"minecraft:walk_on_water_one_cm":3705,"minecraft:total_world_time":129379,"minecraft:interact_with_furnace":29,"enigmaticlegacy:play_time_without_seven_curses":127925,"minecraft:sleep_in_bed":5,"minecraft:time_since_rest":1545,"minecraft:waystone_activated":1,"minecraft:damage_taken":15109,"minecraft:damage_dealt":13868,"minecraft:fly_one_cm":326548,"minecraft:open_chest":5,"minecraft:crouch_one_cm":1214,"minecraft:fall_one_cm":92618}},"DataVersion":3120}